LONCHERA RAMO 186 G 7 UND,$ 4.550,D1,Despensa,https://stockimages.tiendasd1.com/stockimages.tiendasd1.com/kobastockimages/IMAGENES/12004284.png,https://domicilios.tiendasd1.com/p/lonchera-ramo-186-g-7-und-12004284
SALSA MAÕZ DULCE ZEV 200GR,$ 2.390,D1,Despensa,https://stockimages.tiendasd1.com/stockimages.tiendasd1.com/kobastockimages/IMAGENES/12004001.png,https://domicilios.tiendasd1.com/p/salsa-maiz-dulce-zev-200gr-12004001
SALSA CREMA AHUMADA ZEV 200GR,$ 2.490,D1,Despensa,https://stockimages.tiendasd1.com/stockimages.tiendasd1.com/kobastockimages/IMAGENES/12004009.png,https://domicilios.tiendasd1.com/p/salsa-crema-ahumada-zev-200gr-12004009
GALLETA OREO 6 PQ 216 G,$ 3.890,D1,Despensa,https://stockimages.tiendasd1.com/stockimages.tiendasd1.com/kobastockimages/IMAGENES/12004310.png,https://domicilios.tiendasd1.com/p/galleta-oreo-6-pq-216-g-12004310
LYCHEES EN ALMÕBAR COOLTIVO 567 G,$ 11.990,D1,Despensa,https://stockimages.tiendasd1.com/stockimages.tiendasd1.com/kobastockimages/IMAGENES/12004167.png,https://domicilios.tiendasd1.com/p/lychees-en-almibar-cooltivo-567-g-12004167
CEREZAS MARRASCHINO AINOA 125 G,$ 4.390,D1,Despensa,https://stockimages.tiendasd1.com/stockimages.tiendasd1.com/kobastockimages/IMAGENES/12004237.png,https://domicilios.tiendasd1.com/p/cerezas-marraschino-ainoa-125-g-12004237
ACEITE DE AGUACATE NATRI 230 ML,$ 14.990,D1,Despensa,https://stockimages.tiendasd1.com/stockimages.tiendasd1.com/kobastockimages/IMAGENES/12004156.png,https://domicilios.tiendasd1.com/p/aceite-de-aguacate-natri-230-ml-12004156
BARQUILLO RELLENO NIRVANA,$ 1.390,D1,Despensa,https://stockimages.tiendasd1.com/stockimages.tiendasd1.com/kobastockimages/IMAGENES/12003802.png,https://domicilios.tiendasd1.com/p/barquillo-relleno-nirvana-12003802
ALMENDRAS CON CHOCOLATE CHALET 100G,$ 5.490,D1,Despensa,https://stockimages.tiendasd1.com/stockimages.tiendasd1.com/kobastockimages/IMAGENES/12004297.png,https://domicilios.tiendasd1.com/p/almendras-con-chocolate-chalet-100g-12004297
PASABOCAS DE MAÕZ Y QUINUA NATRI X 6UND,$ 4.690,D1,Despensa,https://stockimages.tiendasd1.com/stockimages.tiendasd1.com/kobastockimages/IMAGENES/12004173.png,https://domicilios.tiendasd1.com/p/pasabocas-de-maiz-y-quinua-natri-x-6und-12004173
LONCHERA SURTIDA NATRI 5UN 225G,$ 7.990,D1,Despensa,https://stockimages.tiendasd1.com/stockimages.tiendasd1.com/kobastockimages/IMAGENES/12004174.png,https://domicilios.tiendasd1.com/p/lonchera-surtida-natri-5un-225g-12004174
SALCHICHA ALEMANA CASABLANCA 250 G,$ 7.990,D1,Despensa,https://stockimages.tiendasd1.com/stockimages.tiendasd1.com/kobastockimages/IMAGENES/12004554.png,https://domicilios.tiendasd1.com/p/salchicha-alemana-casablanca-250-g-12004554
SALCHICHA BERLINESA CASABLANCA 250 G,$ 7.990,D1,Despensa,https://stockimages.tiendasd1.com/stockimages.tiendasd1.com/kobastockimages/IMAGENES/12004555.png,https://domicilios.tiendasd1.com/p/salchicha-berlinesa-casablanca-250-g-12004555
HAMBURGUESA RANCHERA 400 G,$ 14.890,D1,Despensa,https://stockimages.tiendasd1.com/stockimages.tiendasd1.com/kobastockimages/IMAGENES/12004565.png,https://domicilios.tiendasd1.com/p/hamburguesa-ranchera-400-g-12004565
SALSA PARA HELADO KULFI 200G,$ 2.390,D1,Despensa,https://stockimages.tiendasd1.com/stockimages.tiendasd1.com/kobastockimages/IMAGENES/12004561.png,https://domicilios.tiendasd1.com/p/salsa-para-helado-kulfi-200g-12004561
AT⁄N EN ACEITE CARLO FORTE 170 G NETO,$ 4.890,D1,Despensa,https://stockimages.tiendasd1.com/stockimages.tiendasd1.com/kobastockimages/IMAGENES/12004360.png,https://domicilios.tiendasd1.com/p/atun-en-aceite-carlo-forte-170-g-neto-12004360
AT⁄N A.OLIVA CARLO FORTE 160 G NETO,$ 6.390,D1,Despensa,https://stockimages.tiendasd1.com/stockimages.tiendasd1.com/kobastockimages/IMAGENES/12004368.png,https://domicilios.tiendasd1.com/p/atun-aoliva-carlo-forte-160-g-neto-12004368
AT⁄N EN AGUA CARLO FORTE 170 G NETO,$ 4.790,D1,Despensa,https://stockimages.tiendasd1.com/stockimages.tiendasd1.com/kobastockimages/IMAGENES/12004370.png,https://domicilios.tiendasd1.com/p/atun-en-agua-carlo-forte-170-g-neto-12004370
CONSERVA PESCADO CARLO FORTE 155 G NETO,$ 3.250,D1,Despensa,https://stockimages.tiendasd1.com/stockimages.tiendasd1.com/kobastockimages/IMAGENES/12004371.png,https://domicilios.tiendasd1.com/p/conserva-pescado-carlo-forte-155-g-neto-12004371
BARQUILLOS SURTIDOS NUZART 145 GR,$ 3.990,D1,Despensa,https://stockimages.tiendasd1.com/stockimages.tiendasd1.com/kobastockimages/IMAGENES/12004121.png,https://domicilios.tiendasd1.com/p/barquillos-surtidos-nuzart-145-gr-12004121
RAMEN NISSIN SABOR CARNE 85 G,$ 2.150,D1,Despensa,https://stockimages.tiendasd1.com/stockimages.tiendasd1.com/kobastockimages/IMAGENES/12004580.png,https://domicilios.tiendasd1.com/p/ramen-nissin-sabor-carne-85-g-12004580
RAMEN NISSIN SABOR POLLO 85 G,$ 2.150,D1,Despensa,https://stockimages.tiendasd1.com/stockimages.tiendasd1.com/kobastockimages/IMAGENES/12004591.png,https://domicilios.tiendasd1.com/p/ramen-nissin-sabor-pollo-85-g-12004591
LONCHERA SUBMARINOS SURTIDOS 206 G,$ 4.590,D1,Despensa,https://stockimages.tiendasd1.com/stockimages.tiendasd1.com/kobastockimages/IMAGENES/12004569.png,https://domicilios.tiendasd1.com/p/lonchera-submarinos-surtidos-206-g-12004569
PAN VITAL FRUTICEREAL 500 G,$ 8.690,D1,Despensa,https://stockimages.tiendasd1.com/stockimages.tiendasd1.com/kobastockimages/IMAGENES/12004570.png,https://domicilios.tiendasd1.com/p/pan-vital-fruticereal-500-g-12004570
CHICHARR”N DE CERDO DON CHICHARR”N 35G,$ 3.790,D1,Despensa,https://stockimages.tiendasd1.com/stockimages.tiendasd1.com/kobastockimages/IMAGENES/12004663.png,https://domicilios.tiendasd1.com/p/chicharron-de-cerdo-don-chicharron-35g-12004663
SALSAS MEXICANAS SURTIDAS 210G,$ 3.690,D1,Despensa,https://stockimages.tiendasd1.com/stockimages.tiendasd1.com/kobastockimages/IMAGENES/12004646.png,https://domicilios.tiendasd1.com/p/salsas-mexicanas-surtidas-210g-12004646
SALSA MAYONESA CON CHIPOTLE 350G,$ 3.990,D1,Despensa,https://stockimages.tiendasd1.com/stockimages.tiendasd1.com/kobastockimages/IMAGENES/12004647.png,https://domicilios.tiendasd1.com/p/salsa-mayonesa-con-chipotle-350g-12004647
BARRA CHOCOLATE MANI KICK 52G,,D1,Despensa,https://stockimages.tiendasd1.com/stockimages.tiendasd1.com/kobastockimages/IMAGENES/12004698.png,https://domicilios.tiendasd1.com/p/barra-chocolate-mani-kick-52g-12004698
TRIDENT YERBABUENA 12S,,D1,Despensa,https://stockimages.tiendasd1.com/stockimages.tiendasd1.com/kobastockimages/IMAGENES/12004704.png,https://domicilios.tiendasd1.com/p/trident-yerbabuena-12s-12004704
TRIDENT MORAZUL 5S 8,5G,,D1,Despensa,https://stockimages.tiendasd1.com/stockimages.tiendasd1.com/kobastockimages/IMAGENES/12004705.png,https://domicilios.tiendasd1.com/p/trident-morazul-5s-85g-12004705
TABLETA CHOCOLATE MORA MONTBLANC 60G,$ 3.490,D1,Despensa,https://stockimages.tiendasd1.com/stockimages.tiendasd1.com/kobastockimages/IMAGENES/12004734.png,https://domicilios.tiendasd1.com/p/tableta-chocolate-mora-montblanc-60g-12004734
ACEITE VEGETAL GOTA DE ORO 900 ML,$ 9.690,D1,Despensa,https://stockimages.tiendasd1.com/stockimages.tiendasd1.com/kobastockimages/IMAGENES/12004740.png,https://domicilios.tiendasd1.com/p/aceite-vegetal-gota-de-oro-900-ml-12004740
ACEITE DE OLIVA AROMATIZADO OLI-OL√â 125,,D1,Despensa,https://stockimages.tiendasd1.com/stockimages.tiendasd1.com/kobastockimages/IMAGENES/12004871.png,https://domicilios.tiendasd1.com/p/aceite-de-oliva-aromatizado-oli-ole-125-12004871
ACEITE DE CANOLA DON OLIO 900 ML,,D1,Despensa,https://stockimages.tiendasd1.com/stockimages.tiendasd1.com/kobastockimages/IMAGENES/12004356.png,https://domicilios.tiendasd1.com/p/aceite-de-canola-don-olio-900-ml-12004356
AREPA DE MAÕZ BLANCO CON AVENA Y CH√çA MASMA√ç 5 UND - 400 G,,D1,Despensa,https://stockimages.tiendasd1.com/stockimages.tiendasd1.com/kobastockimages/IMAGENES/12002550.png,https://domicilios.tiendasd1.com/p/arepa-de-maiz-blanco-con-avena-y-chia-masmai-5-und-400-g-12002550
AREPA BLANCA MASMA√ç 5 UND - 400 G,,D1,Despensa,https://stockimages.tiendasd1.com/stockimages.tiendasd1.com/kobastockimages/IMAGENES/12000136.png,https://domicilios.tiendasd1.com/p/arepa-blanca-masmai-5-und-400-g-12000136
JAMON PIETRAN ESTANDAR 167 GRS,,D1,Despensa,https://stockimages.tiendasd1.com/stockimages.tiendasd1.com/kobastockimages/IMAGENES/12003873.png,https://domicilios.tiendasd1.com/p/jamon-pietran-estandar-167-grs-12003873
SALCHICH”N DE POLLO BRAKEL 500 G,,D1,Despensa,https://stockimages.tiendasd1.com/stockimages.tiendasd1.com/kobastockimages/IMAGENES/12000591.png,https://domicilios.tiendasd1.com/p/salchichon-de-pollo-brakel-500-g-12000591
SALCHICH”N CERVECERO VIAND… 500 G,$ 7.300,D1,Despensa,https://stockimages.tiendasd1.com/stockimages.tiendasd1.com/kobastockimages/IMAGENES/12000611.png,https://domicilios.tiendasd1.com/p/salchichon-cervecero-viande-500-g-12000611
SALCHICHA TIPO PARRILLA BIG BOB 280 G,,D1,Despensa,https://stockimages.tiendasd1.com/stockimages.tiendasd1.com/kobastockimages/IMAGENES/12001606.png,https://domicilios.tiendasd1.com/p/salchicha-tipo-parrilla-big-bob-280-g-12001606
SALCHICHA PERRO AMERICANA BIG BOB 430 G,,D1,Despensa,https://stockimages.tiendasd1.com/stockimages.tiendasd1.com/kobastockimages/IMAGENES/12001607.png,https://domicilios.tiendasd1.com/p/salchicha-perro-americana-big-bob-430-g-12001607
SALCHICH”N TRADICIONAL VIAND√â 500 G,,D1,Despensa,https://stockimages.tiendasd1.com/stockimages.tiendasd1.com/kobastockimages/IMAGENES/12001741.png,https://domicilios.tiendasd1.com/p/salchichon-tradicional-viande-500-g-12001741
CABANO VIANDE 68 GR X 4 UD,,D1,Despensa,https://stockimages.tiendasd1.com/stockimages.tiendasd1.com/kobastockimages/IMAGENES/12003468.png,https://domicilios.tiendasd1.com/p/cabano-viande-68-gr-x-4-ud-12003468
CHORIZO CAMPESINO AHUMADO VIAND√â 225 GRS,,D1,Despensa,https://stockimages.tiendasd1.com/stockimages.tiendasd1.com/kobastockimages/IMAGENES/12000081.png,https://domicilios.tiendasd1.com/p/chorizo-campesino-ahumado-viande-225-grs-12000081
CHORIZO TIPO TERNERA VIAND√â 500 G,,D1,Despensa,https://stockimages.tiendasd1.com/stockimages.tiendasd1.com/kobastockimages/IMAGENES/12000272.png,https://domicilios.tiendasd1.com/p/chorizo-tipo-ternera-viande-500-g-12000272
CHORIZO SANTARROSANO VIAND√â 225 G,,D1,Despensa,https://stockimages.tiendasd1.com/stockimages.tiendasd1.com/kobastockimages/IMAGENES/12000298.png,https://domicilios.tiendasd1.com/p/chorizo-santarrosano-viande-225-g-12000298
MORTADELA POLLO PREMIUM BRAKEL 250 G,,D1,Despensa,https://stockimages.tiendasd1.com/stockimages.tiendasd1.com/kobastockimages/IMAGENES/12000331.png,https://domicilios.tiendasd1.com/p/mortadela-pollo-premium-brakel-250-g-12000331
JAM√ìN DE CERDO PREMIUM VIAND√â 300 G,,D1,Despensa,https://stockimages.tiendasd1.com/stockimages.tiendasd1.com/kobastockimages/IMAGENES/12000388.png,https://domicilios.tiendasd1.com/p/jamon-de-cerdo-premium-viande-300-g-12000388
LONGANIZA DE CERDO VIAND√â 320 G,,D1,Despensa,https://stockimages.tiendasd1.com/stockimages.tiendasd1.com/kobastockimages/IMAGENES/12000561.png,https://domicilios.tiendasd1.com/p/longaniza-de-cerdo-viande-320-g-12000561
HAMBURGUESA DE RES VIAND√â 450 G,,D1,Despensa,https://stockimages.tiendasd1.com/stockimages.tiendasd1.com/kobastockimages/IMAGENES/12000575.png,https://domicilios.tiendasd1.com/p/hamburguesa-de-res-viande-450-g-12000575
TOCINETA TIPO SANDWICH VIAND√â 200 G,,D1,Despensa,https://stockimages.tiendasd1.com/stockimages.tiendasd1.com/kobastockimages/IMAGENES/12000770.png,https://domicilios.tiendasd1.com/p/tocineta-tipo-sandwich-viande-200-g-12000770
SALCHICHA MINIMANGUERA VIAND√â 480 G,,D1,Despensa,https://stockimages.tiendasd1.com/stockimages.tiendasd1.com/kobastockimages/IMAGENES/12000913.png,https://domicilios.tiendasd1.com/p/salchicha-minimanguera-viande-480-g-12000913
JAMON DE PAVO WHITE HOLLAND 250 G,,D1,Despensa,https://stockimages.tiendasd1.com/stockimages.tiendasd1.com/kobastockimages/IMAGENES/12001190.png,https://domicilios.tiendasd1.com/p/jamon-de-pavo-white-holland-250-g-12001190
JAM√ìN DE CERDO VIAND√â 400 GRS,,D1,Despensa,https://stockimages.tiendasd1.com/stockimages.tiendasd1.com/kobastockimages/IMAGENES/12000077.png,https://domicilios.tiendasd1.com/p/jamon-de-cerdo-viande-400-grs-12000077
MORTADELA FINA VIAND√â 225 GRS,,D1,Despensa,https://stockimages.tiendasd1.com/stockimages.tiendasd1.com/kobastockimages/IMAGENES/12000079.png,https://domicilios.tiendasd1.com/p/mortadela-fina-viande-225-grs-12000079
SALCHICHA PARRILLA VIAND√â 500 GRS,,D1,Despensa,https://stockimages.tiendasd1.com/stockimages.tiendasd1.com/kobastockimages/IMAGENES/12000080.png,https://domicilios.tiendasd1.com/p/salchicha-parrilla-viande-500-grs-12000080
HAMBURGUESA DE POLLO BRAKEL 450 G,,D1,Despensa,https://stockimages.tiendasd1.com/stockimages.tiendasd1.com/kobastockimages/IMAGENES/12000675.png,https://domicilios.tiendasd1.com/p/hamburguesa-de-pollo-brakel-450-g-12000675
TOCINETA AHUMADA VIAND√â 150 GRS,,D1,Despensa,https://stockimages.tiendasd1.com/stockimages.tiendasd1.com/kobastockimages/IMAGENES/12000078.png,https://domicilios.tiendasd1.com/p/tocineta-ahumada-viande-150-grs-12000078
SALCHICHA TRADICIONAL VIAND√â 450 GRS,,D1,Despensa,https://stockimages.tiendasd1.com/stockimages.tiendasd1.com/kobastockimages/IMAGENES/12000082.png,https://domicilios.tiendasd1.com/p/salchicha-tradicional-viande-450-grs-12000082
BUTIFARRA VIANDE 500 G,,D1,Despensa,https://stockimages.tiendasd1.com/stockimages.tiendasd1.com/kobastockimages/IMAGENES/12002503.png,https://domicilios.tiendasd1.com/p/butifarra-viande-500-g-12002503
JAM√ìN PECHUGA PAVO DELISHAVED BAR-S 227 G,,D1,Despensa,https://stockimages.tiendasd1.com/stockimages.tiendasd1.com/kobastockimages/IMAGENES/12000782.png,https://domicilios.tiendasd1.com/p/jamon-pechuga-pavo-delishaved-bar-s-227-g-12000782
PERA VERDE IMPORTADA 1000 G,$ 9.690,D1,Despensa,https://stockimages.tiendasd1.com/stockimages.tiendasd1.com/kobastockimages/IMAGENES/12000567.png,https://domicilios.tiendasd1.com/p/pera-verde-importada-1000-g-12000567
MANZANA ROYAL GALA 1000 GRS,,D1,Despensa,https://stockimages.tiendasd1.com/stockimages.tiendasd1.com/kobastockimages/IMAGENES/12000109.png,https://domicilios.tiendasd1.com/p/manzana-royal-gala-1000-grs-12000109
PIMENT√ìN X 500 G,,D1,Despensa,https://stockimages.tiendasd1.com/stockimages.tiendasd1.com/kobastockimages/IMAGENES/12003371.png,https://domicilios.tiendasd1.com/p/pimenton-x-500-g-12003371
AGUACATE HASS 500 G,,D1,Despensa,https://stockimages.tiendasd1.com/stockimages.tiendasd1.com/kobastockimages/IMAGENES/12002004.png,https://domicilios.tiendasd1.com/p/aguacate-hass-500-g-12002004
PL√ÅTANO HART√ìN 1000 G,,D1,Despensa,https://stockimages.tiendasd1.com/stockimages.tiendasd1.com/kobastockimages/IMAGENES/12000110.png,https://domicilios.tiendasd1.com/p/platano-harton-1000-g-12000110
AJO MALLA 3 UNIDADES - 100 G,,D1,Despensa,https://stockimages.tiendasd1.com/stockimages.tiendasd1.com/kobastockimages/IMAGENES/12002709.png,https://domicilios.tiendasd1.com/p/ajo-malla-3-unidades-100-g-12002709
NARANJA MALLA 1500 G,,D1,Despensa,https://stockimages.tiendasd1.com/stockimages.tiendasd1.com/kobastockimages/IMAGENES/12002710.png,https://domicilios.tiendasd1.com/p/naranja-malla-1500-g-12002710
PAPA CAPIRA 2000 GRS,,D1,Despensa,https://stockimages.tiendasd1.com/stockimages.tiendasd1.com/kobastockimages/IMAGENES/12000038.png,https://domicilios.tiendasd1.com/p/papa-capira-2000-grs-12000038
TOMATE CHONTO 500 G,,D1,Despensa,https://stockimages.tiendasd1.com/stockimages.tiendasd1.com/kobastockimages/IMAGENES/12001706.png,https://domicilios.tiendasd1.com/p/tomate-chonto-500-g-12001706
CEBOLLA CABEZONA 500 G,,D1,Despensa,https://stockimages.tiendasd1.com/stockimages.tiendasd1.com/kobastockimages/IMAGENES/12001707.png,https://domicilios.tiendasd1.com/p/cebolla-cabezona-500-g-12001707
LIM√ìN TAHIT√ç 500 G,,D1,Despensa,https://stockimages.tiendasd1.com/stockimages.tiendasd1.com/kobastockimages/IMAGENES/12002011.png,https://domicilios.tiendasd1.com/p/limon-tahiti-500-g-12002011
TOMATES ENTEROS PELADOS DELIZIARE 400 G,,D1,Despensa,https://stockimages.tiendasd1.com/stockimages.tiendasd1.com/kobastockimages/IMAGENES/12002575.png,https://domicilios.tiendasd1.com/p/tomates-enteros-pelados-deliziare-400-g-12002575
CARNE DE DIABLO ZEN√ö 80 G,,D1,Despensa,https://stockimages.tiendasd1.com/stockimages.tiendasd1.com/kobastockimages/IMAGENES/12003163.png,https://domicilios.tiendasd1.com/p/carne-de-diablo-zenu-80-g-12003163
CONSERVA DE PESCADO EN TINAPA 155 G NETO,,D1,Despensa,https://stockimages.tiendasd1.com/stockimages.tiendasd1.com/kobastockimages/IMAGENES/12003885.png,https://domicilios.tiendasd1.com/p/conserva-de-pescado-en-tinapa-155-g-neto-12003885
CHILE CON CARNE CRACHOS 300 G,,D1,Despensa,https://stockimages.tiendasd1.com/stockimages.tiendasd1.com/kobastockimages/IMAGENES/12000289.png,https://domicilios.tiendasd1.com/p/chile-con-carne-crachos-300-g-12000289
FR√çJOLES CON TOCINO COOLTIVO 320 G,,D1,Despensa,https://stockimages.tiendasd1.com/stockimages.tiendasd1.com/kobastockimages/IMAGENES/12000353.png,https://domicilios.tiendasd1.com/p/frijoles-con-tocino-cooltivo-320-g-12000353
AT√öN RALLADO EL NAV√çO 170 G,,D1,Despensa,https://stockimages.tiendasd1.com/stockimages.tiendasd1.com/kobastockimages/IMAGENES/12000389.png,https://domicilios.tiendasd1.com/p/atun-rallado-el-navio-170-g-12000389
ENSALADA CAMPESINA COOLTIVO 300 G,,D1,Despensa,https://stockimages.tiendasd1.com/stockimages.tiendasd1.com/kobastockimages/IMAGENES/12000396.png,https://domicilios.tiendasd1.com/p/ensalada-campesina-cooltivo-300-g-12000396
AT√öN ACEITE DE OLIVA CARLO FORTE 160 G,,D1,Despensa,https://stockimages.tiendasd1.com/stockimages.tiendasd1.com/kobastockimages/IMAGENES/12000590.png,https://domicilios.tiendasd1.com/p/atun-aceite-de-oliva-carlo-forte-160-g-12000590
ENSALADA AT√öN CON VEGETALES Y MA√çZ CARLO FORTE 160 G,,D1,Despensa,https://stockimages.tiendasd1.com/stockimages.tiendasd1.com/kobastockimages/IMAGENES/12000801.png,https://domicilios.tiendasd1.com/p/ensalada-atun-con-vegetales-y-maiz-carlo-forte-160-g-12000801
TOMATES SECOS AINOA 180 G,,D1,Despensa,https://stockimages.tiendasd1.com/stockimages.tiendasd1.com/kobastockimages/IMAGENES/12000941.png,https://domicilios.tiendasd1.com/p/tomates-secos-ainoa-180-g-12000941
FRIJOL REFRITO CRACHOS 300 G,,D1,Despensa,https://stockimages.tiendasd1.com/stockimages.tiendasd1.com/kobastockimages/IMAGENES/12002454.png,https://domicilios.tiendasd1.com/p/frijol-refrito-crachos-300-g-12002454
MA√çZ TIERNO COOLTIVO 340 G,,D1,Despensa,https://stockimages.tiendasd1.com/stockimages.tiendasd1.com/kobastockimages/IMAGENES/12000191.png,https://domicilios.tiendasd1.com/p/maiz-tierno-cooltivo-340-g-12000191
CONSERVA DE PESCADO CARLO FORTE 420 GRS,$ 5.650,D1,Despensa,https://stockimages.tiendasd1.com/stockimages.tiendasd1.com/kobastockimages/IMAGENES/12000294.png,https://domicilios.tiendasd1.com/p/conserva-de-pescado-carlo-forte-420-grs-12000294
SALCHICHA VIENA VIAND√â 150 G,,D1,Despensa,https://stockimages.tiendasd1.com/stockimages.tiendasd1.com/kobastockimages/IMAGENES/12000314.png,https://domicilios.tiendasd1.com/p/salchicha-viena-viande-150-g-12000314
ALCAPARRAS EN VINAGRE AINOA 125 GR,,D1,Despensa,https://stockimages.tiendasd1.com/stockimages.tiendasd1.com/kobastockimages/IMAGENES/12000417.png,https://domicilios.tiendasd1.com/p/alcaparras-en-vinagre-ainoa-125-gr-12000417
CHAMPI√ëONES TAJADOS COOLTIVO 280 G,$ 4.750,D1,Despensa,https://stockimages.tiendasd1.com/stockimages.tiendasd1.com/kobastockimages/IMAGENES/12000387.png,https://domicilios.tiendasd1.com/p/champinones-tajados-cooltivo-280-g-12000387
ACEITUNA DES/PIMIEN BOLSA AINOA 180 GR,,D1,Despensa,https://stockimages.tiendasd1.com/stockimages.tiendasd1.com/kobastockimages/IMAGENES/12000914.png,https://domicilios.tiendasd1.com/p/aceituna-despimien-bolsa-ainoa-180-gr-12000914
ACEITUNA EN LATA AINOA 200 GR,,D1,Despensa,https://stockimages.tiendasd1.com/stockimages.tiendasd1.com/kobastockimages/IMAGENES/12000915.png,https://domicilios.tiendasd1.com/p/aceituna-en-lata-ainoa-200-gr-12000915
CONCHAS DORIA 250 G,,D1,Despensa,https://stockimages.tiendasd1.com/stockimages.tiendasd1.com/kobastockimages/IMAGENES/12003260.png,https://domicilios.tiendasd1.com/p/conchas-doria-250-g-12003260
CABELLO DE √ÅNGEL DORIA 250 G,,D1,Despensa,https://stockimages.tiendasd1.com/stockimages.tiendasd1.com/kobastockimages/IMAGENES/12003263.png,https://domicilios.tiendasd1.com/p/cabello-de-angel-doria-250-g-12003263
SPAGUETTI CAPR√çSSIMA 250 GRS,,D1,Despensa,https://stockimages.tiendasd1.com/stockimages.tiendasd1.com/kobastockimages/IMAGENES/12000066.png,https://domicilios.tiendasd1.com/p/spaguetti-caprissima-250-grs-12000066
CONCHA CAPR√çSSIMA 250 GRS,,D1,Despensa,https://stockimages.tiendasd1.com/stockimages.tiendasd1.com/kobastockimages/IMAGENES/12000067.png,https://domicilios.tiendasd1.com/p/concha-caprissima-250-grs-12000067
CABELLO DE √ÅNGEL CAPR√çSSIMA 250 GRS,,D1,Despensa,https://stockimages.tiendasd1.com/stockimages.tiendasd1.com/kobastockimages/IMAGENES/12000103.png,https://domicilios.tiendasd1.com/p/cabello-de-angel-caprissima-250-grs-12000103
SPAGHETTI DELIZIARE 500 G,,D1,Despensa,https://stockimages.tiendasd1.com/stockimages.tiendasd1.com/kobastockimages/IMAGENES/12000286.png,https://domicilios.tiendasd1.com/p/spaghetti-deliziare-500-g-12000286
PENNE DELIZIARE 500 G,,D1,Despensa,https://stockimages.tiendasd1.com/stockimages.tiendasd1.com/kobastockimages/IMAGENES/12000287.png,https://domicilios.tiendasd1.com/p/penne-deliziare-500-g-12000287
PASTA PARA LASAGNA DELIZIARE X 450 GR,$ 6.990,D1,Despensa,https://stockimages.tiendasd1.com/stockimages.tiendasd1.com/kobastockimages/IMAGENES/12000645.png,https://domicilios.tiendasd1.com/p/pasta-para-lasagna-deliziare-x-450-gr-12000645
SPAGHETTI DORIA 250 G,,D1,Despensa,https://stockimages.tiendasd1.com/stockimages.tiendasd1.com/kobastockimages/IMAGENES/12003256.png,https://domicilios.tiendasd1.com/p/spaghetti-doria-250-g-12003256
ACEITE GOTA DE ORO 3000 ML,,D1,Despensa,https://stockimages.tiendasd1.com/stockimages.tiendasd1.com/kobastockimages/IMAGENES/12000641.png,https://domicilios.tiendasd1.com/p/aceite-gota-de-oro-3000-ml-12000641
ACEITE DE CANOLA DON OLIO 2000 ML,,D1,Despensa,https://stockimages.tiendasd1.com/stockimages.tiendasd1.com/kobastockimages/IMAGENES/12001019.png,https://domicilios.tiendasd1.com/p/aceite-de-canola-don-olio-2000-ml-12001019
ESPARCIBLE DON OLIO LIGHT 250 G,,D1,Despensa,https://stockimages.tiendasd1.com/stockimages.tiendasd1.com/kobastockimages/IMAGENES/12001058.png,https://domicilios.tiendasd1.com/p/esparcible-don-olio-light-250-g-12001058
ACEITE SPRAY CANOLA DON OLIO 180 ML,,D1,Despensa,https://stockimages.tiendasd1.com/stockimages.tiendasd1.com/kobastockimages/IMAGENES/12001562.png,https://domicilios.tiendasd1.com/p/aceite-spray-canola-don-olio-180-ml-12001562
ESPARCIBLE VEGETAL DON OLIO 500 G,,D1,Despensa,https://stockimages.tiendasd1.com/stockimages.tiendasd1.com/kobastockimages/IMAGENES/12000335.png,https://domicilios.tiendasd1.com/p/esparcible-vegetal-don-olio-500-g-12000335
BARRA ESPARCIBLE DON OLIO 125 G,,D1,Despensa,https://stockimages.tiendasd1.com/stockimages.tiendasd1.com/kobastockimages/IMAGENES/12000478.png,https://domicilios.tiendasd1.com/p/barra-esparcible-don-olio-125-g-12000478
ACEITE OLIVA EXTRAVIR CASTELL D F 1000ML,,D1,Despensa,https://stockimages.tiendasd1.com/stockimages.tiendasd1.com/kobastockimages/IMAGENES/12003659.png,https://domicilios.tiendasd1.com/p/aceite-oliva-extravir-castell-d-f-1000ml-12003659
ACEITE OLIVA EXTRAVIRGEN CASTELL DEL FERRO 500 ML,,D1,Despensa,https://stockimages.tiendasd1.com/stockimages.tiendasd1.com/kobastockimages/IMAGENES/12000330.png,https://domicilios.tiendasd1.com/p/aceite-oliva-extravirgen-castell-del-ferro-500-ml-12000330
ACEITE DE COCO VIRGEN NATRI 210 ML,,D1,Despensa,https://stockimages.tiendasd1.com/stockimages.tiendasd1.com/kobastockimages/IMAGENES/12001926.png,https://domicilios.tiendasd1.com/p/aceite-de-coco-virgen-natri-210-ml-12001926
,,D1,Despensa,https://stockimages.tiendasd1.com/stockimages.tiendasd1.com/kobastockimages/IMAGENES/12002415.png,https://domicilios.tiendasd1.com/p/panela-pulverizada-el-refugio-500-g-12002415
ARROZ DIANA 1000 G,,D1,Despensa,https://stockimages.tiendasd1.com/stockimages.tiendasd1.com/kobastockimages/IMAGENES/12002487.png,https://domicilios.tiendasd1.com/p/arroz-diana-1000-g-12002487
ARROZ INTEGRAL DIANA 1.000 G,,D1,Despensa,https://stockimages.tiendasd1.com/stockimages.tiendasd1.com/kobastockimages/IMAGENES/12003653.png,https://domicilios.tiendasd1.com/p/arroz-integral-diana-1000-g-12003653
ENDULZANTE CON STEVIA NATRI 180 G,,D1,Despensa,https://stockimages.tiendasd1.com/stockimages.tiendasd1.com/kobastockimages/IMAGENES/12002470.png,https://domicilios.tiendasd1.com/p/endulzante-con-stevia-natri-180-g-12002470
FRÕJOL CARGAMANTO BLANCO EL EST√çO 500 GR,,D1,Despensa,https://stockimages.tiendasd1.com/stockimages.tiendasd1.com/kobastockimages/IMAGENES/12000040.png,https://domicilios.tiendasd1.com/p/frijol-cargamanto-blanco-el-estio-500-gr-12000040
ENDULZANTE FRASCO DULCRALIGHT 180 GRS,,D1,Despensa,https://stockimages.tiendasd1.com/stockimages.tiendasd1.com/kobastockimages/IMAGENES/12000118.png,https://domicilios.tiendasd1.com/p/endulzante-frasco-dulcralight-180-grs-12000118
FRÕJOL BOL√ìN ROJO EL EST√çO 500 G,,D1,Despensa,https://stockimages.tiendasd1.com/stockimages.tiendasd1.com/kobastockimages/IMAGENES/12000158.png,https://domicilios.tiendasd1.com/p/frijol-bolon-rojo-el-estio-500-g-12000158
AZ⁄CAR MORENA 1000 GRS,,D1,Despensa,https://stockimages.tiendasd1.com/stockimages.tiendasd1.com/kobastockimages/IMAGENES/12000250.png,https://domicilios.tiendasd1.com/p/azucar-morena-1000-grs-12000250
ARVEJA EL ESTIO 500 GRS,,D1,Despensa,https://stockimages.tiendasd1.com/stockimages.tiendasd1.com/kobastockimages/IMAGENES/12000039.png,https://domicilios.tiendasd1.com/p/arveja-el-estio-500-grs-12000039
LENTEJA EL EST√çO 500 GRS,,D1,Despensa,https://stockimages.tiendasd1.com/stockimages.tiendasd1.com/kobastockimages/IMAGENES/12000042.png,https://domicilios.tiendasd1.com/p/lenteja-el-estio-500-grs-12000042
MAÕZ PIRA EL EST√çO 500 GRS,,D1,Despensa,https://stockimages.tiendasd1.com/stockimages.tiendasd1.com/kobastockimages/IMAGENES/12000043.png,https://domicilios.tiendasd1.com/p/maiz-pira-el-estio-500-grs-12000043
GARBANZO EL EST√çO 500 GRS,,D1,Despensa,https://stockimages.tiendasd1.com/stockimages.tiendasd1.com/kobastockimages/IMAGENES/12000044.png,https://domicilios.tiendasd1.com/p/garbanzo-el-estio-500-grs-12000044
ARROZ ECON√ìMICO EL EST√çO 454 G,,D1,Despensa,https://stockimages.tiendasd1.com/stockimages.tiendasd1.com/kobastockimages/IMAGENES/12000208.png,https://domicilios.tiendasd1.com/p/arroz-economico-el-estio-454-g-12000208
ARROZ PREMIUM EL EST√çO 1000 GRS,,D1,Despensa,https://stockimages.tiendasd1.com/stockimages.tiendasd1.com/kobastockimages/IMAGENES/12000083.png,https://domicilios.tiendasd1.com/p/arroz-premium-el-estio-1000-grs-12000083
PANELA CUADRADA 1000 G,,D1,Despensa,https://stockimages.tiendasd1.com/stockimages.tiendasd1.com/kobastockimages/IMAGENES/12000689.png,https://domicilios.tiendasd1.com/p/panela-cuadrada-1000-g-12000689
CALDO DE COSTILLA MAGGI 10 UND 80 G,,D1,Despensa,https://stockimages.tiendasd1.com/stockimages.tiendasd1.com/kobastockimages/IMAGENES/12002945.png,https://domicilios.tiendasd1.com/p/caldo-de-costilla-maggi-10-und-80-g-12002945
CALDO DE GALLINA MAGGI 10 UND 88 G,,D1,Despensa,https://stockimages.tiendasd1.com/stockimages.tiendasd1.com/kobastockimages/IMAGENES/12002946.png,https://domicilios.tiendasd1.com/p/caldo-de-gallina-maggi-10-und-88-g-12002946
CALDO DE GALLINA SPECIARIA 8 UND - 84 G,,D1,Despensa,https://stockimages.tiendasd1.com/stockimages.tiendasd1.com/kobastockimages/IMAGENES/12001009.png,https://domicilios.tiendasd1.com/p/caldo-de-gallina-speciaria-8-und-84-g-12001009
CREMA DE CH√ìCLO VELSUP 70 G,,D1,Despensa,https://stockimages.tiendasd1.com/stockimages.tiendasd1.com/kobastockimages/IMAGENES/12001931.png,https://domicilios.tiendasd1.com/p/crema-de-choclo-velsup-70-g-12001931
CREMA DE POLLO CON CHAMPI√ëONES VELSUP 70 G,,D1,Despensa,https://stockimages.tiendasd1.com/stockimages.tiendasd1.com/kobastockimages/IMAGENES/12001932.png,https://domicilios.tiendasd1.com/p/crema-de-pollo-con-champinones-velsup-70-g-12001932
SOPA DE GALLINA CON FIDEOS VELSUP 65 G,,D1,Despensa,https://stockimages.tiendasd1.com/stockimages.tiendasd1.com/kobastockimages/IMAGENES/12001933.png,https://domicilios.tiendasd1.com/p/sopa-de-gallina-con-fideos-velsup-65-g-12001933
CALDO DE COSTILLA SPECIARIA 84 G 8 CUBOS,,D1,Despensa,https://stockimages.tiendasd1.com/stockimages.tiendasd1.com/kobastockimages/IMAGENES/12002007.png,https://domicilios.tiendasd1.com/p/caldo-de-costilla-speciaria-84-g-8-cubos-12002007
SOPA AJIACO RICO 45 GR,$ 1.290,D1,Despensa,https://stockimages.tiendasd1.com/stockimages.tiendasd1.com/kobastockimages/IMAGENES/12003453.png,https://domicilios.tiendasd1.com/p/sopa-ajiaco-rico-45-gr-12003453
SAL REFISAL 1000 G,,D1,Despensa,https://stockimages.tiendasd1.com/stockimages.tiendasd1.com/kobastockimages/IMAGENES/12002874.png,https://domicilios.tiendasd1.com/p/sal-refisal-1000-g-12002874
PASTA DE PIMENT√ìN DELIKA 110 G,,D1,Despensa,https://stockimages.tiendasd1.com/stockimages.tiendasd1.com/kobastockimages/IMAGENES/12004030.png,https://domicilios.tiendasd1.com/p/pasta-de-pimenton-delika-110-g-12004030
MEZCLA PARA ADOBAR DELIKA 110 G,$ 1.790,D1,Despensa,https://stockimages.tiendasd1.com/stockimages.tiendasd1.com/kobastockimages/IMAGENES/12004031.png,https://domicilios.tiendasd1.com/p/mezcla-para-adobar-delika-110-g-12004031
PASTA DE AJO DELIKA 110 G,,D1,Despensa,https://stockimages.tiendasd1.com/stockimages.tiendasd1.com/kobastockimages/IMAGENES/12004032.png,https://domicilios.tiendasd1.com/p/pasta-de-ajo-delika-110-g-12004032
BICARBONATO DE SODIO SPECIARIA 200 GR,,D1,Despensa,https://stockimages.tiendasd1.com/stockimages.tiendasd1.com/kobastockimages/IMAGENES/12003098.png,https://domicilios.tiendasd1.com/p/bicarbonato-de-sodio-speciaria-200-gr-12003098
CANELA MOLIDA PURA SPECIARIA 28 G,,D1,Despensa,https://stockimages.tiendasd1.com/stockimages.tiendasd1.com/kobastockimages/IMAGENES/12003282.png,https://domicilios.tiendasd1.com/p/canela-molida-pura-speciaria-28-g-12003282
TOMILLO SPECIARIA 20 G,,D1,Despensa,https://stockimages.tiendasd1.com/stockimages.tiendasd1.com/kobastockimages/IMAGENES/12003286.png,https://domicilios.tiendasd1.com/p/tomillo-speciaria-20-g-12003286
ALBAHACA SPECIARIA 20 G,,D1,Despensa,https://stockimages.tiendasd1.com/stockimages.tiendasd1.com/kobastockimages/IMAGENES/12003287.png,https://domicilios.tiendasd1.com/p/albahaca-speciaria-20-g-12003287
COLORANTE NATURAL CURCUMA SPECIARIA 28 G,,D1,Despensa,https://stockimages.tiendasd1.com/stockimages.tiendasd1.com/kobastockimages/IMAGENES/12003288.png,https://domicilios.tiendasd1.com/p/colorante-natural-curcuma-speciaria-28-g-12003288
LAUREL SPECIARIA 20 G,,D1,Despensa,https://stockimages.tiendasd1.com/stockimages.tiendasd1.com/kobastockimages/IMAGENES/12003290.png,https://domicilios.tiendasd1.com/p/laurel-speciaria-20-g-12003290
OREGANO SPECIARIA 20 G,,D1,Despensa,https://stockimages.tiendasd1.com/stockimages.tiendasd1.com/kobastockimages/IMAGENES/12003291.png,https://domicilios.tiendasd1.com/p/oregano-speciaria-20-g-12003291
PIMIENTA MOLIDA SPECIARIA 28 G,,D1,Despensa,https://stockimages.tiendasd1.com/stockimages.tiendasd1.com/kobastockimages/IMAGENES/12003292.png,https://domicilios.tiendasd1.com/p/pimienta-molida-speciaria-28-g-12003292
AJO GRANULADO SPECIARIA 28 G,,D1,Despensa,https://stockimages.tiendasd1.com/stockimages.tiendasd1.com/kobastockimages/IMAGENES/12003293.png,https://domicilios.tiendasd1.com/p/ajo-granulado-speciaria-28-g-12003293
CANELA EN ASTILLAS SPECIARIA 20 GR,,D1,Despensa,https://stockimages.tiendasd1.com/stockimages.tiendasd1.com/kobastockimages/IMAGENES/12003388.png,https://domicilios.tiendasd1.com/p/canela-en-astillas-speciaria-20-gr-12003388
COCO RALLADO SPECIARIA 100 GR,,D1,Despensa,https://stockimages.tiendasd1.com/stockimages.tiendasd1.com/kobastockimages/IMAGENES/12003389.png,https://domicilios.tiendasd1.com/p/coco-rallado-speciaria-100-gr-12003389
MORINGA EN HOJAS P&I 8 G,,D1,Despensa,https://stockimages.tiendasd1.com/stockimages.tiendasd1.com/kobastockimages/IMAGENES/12003746.png,https://domicilios.tiendasd1.com/p/moringa-en-hojas-pi-8-g-12003746
PAPRIKA SPECIARIA 28 G,,D1,Despensa,https://stockimages.tiendasd1.com/stockimages.tiendasd1.com/kobastockimages/IMAGENES/12003839.png,https://domicilios.tiendasd1.com/p/paprika-speciaria-28-g-12003839
JENGIBRE EN POLVO SPECIARIA 28 G,,D1,Despensa,https://stockimages.tiendasd1.com/stockimages.tiendasd1.com/kobastockimages/IMAGENES/12003840.png,https://domicilios.tiendasd1.com/p/jengibre-en-polvo-speciaria-28-g-12003840
CURRY EN POLVO SPECIARIA 28 G,,D1,Despensa,https://stockimages.tiendasd1.com/stockimages.tiendasd1.com/kobastockimages/IMAGENES/12003893.png,https://domicilios.tiendasd1.com/p/curry-en-polvo-speciaria-28-g-12003893
CLAVO ENTERO SPECIARIA 20 G,,D1,Despensa,https://stockimages.tiendasd1.com/stockimages.tiendasd1.com/kobastockimages/IMAGENES/12003894.png,https://domicilios.tiendasd1.com/p/clavo-entero-speciaria-20-g-12003894
HARINA DE MA√çZ AMARILLO PAN 1000 G,,D1,Despensa,https://stockimages.tiendasd1.com/stockimages.tiendasd1.com/kobastockimages/IMAGENES/12002675.png,https://domicilios.tiendasd1.com/p/harina-de-maiz-amarillo-pan-1000-g-12002675
HARINA DE TRIGO CON POLVO PARA HORNEAR,,D1,Despensa,https://stockimages.tiendasd1.com/stockimages.tiendasd1.com/kobastockimages/IMAGENES/12003539.png,https://domicilios.tiendasd1.com/p/harina-de-trigo-con-polvo-para-hornear-12003539
GRANO ENTERO DE QUINUA,,D1,Despensa,https://stockimages.tiendasd1.com/stockimages.tiendasd1.com/kobastockimages/IMAGENES/12003645.png,https://domicilios.tiendasd1.com/p/grano-entero-de-quinua-12003645
PREMEZCLA PARA PANCAKES QUICKSY 300 G,,D1,Despensa,https://stockimages.tiendasd1.com/stockimages.tiendasd1.com/kobastockimages/IMAGENES/12000304.png,https://domicilios.tiendasd1.com/p/premezcla-para-pancakes-quicksy-300-g-12000304
PREMEZCLA DE GALLETAS CON CHIPS DE CHOCOLATE QUICKSY 350 G,,D1,Despensa,https://stockimages.tiendasd1.com/stockimages.tiendasd1.com/kobastockimages/IMAGENES/12002637.png,https://domicilios.tiendasd1.com/p/premezcla-de-galletas-con-chips-de-chocolate-quicksy-350-g-12002637
HARINA DE MAIZ BLANCO QUICKSY 1000 G,,D1,Despensa,https://stockimages.tiendasd1.com/stockimages.tiendasd1.com/kobastockimages/IMAGENES/12001208.png,https://domicilios.tiendasd1.com/p/harina-de-maiz-blanco-quicksy-1000-g-12001208
HARINA DE MAIZ AMARILLO QUICKSY 1000 G,,D1,Despensa,https://stockimages.tiendasd1.com/stockimages.tiendasd1.com/kobastockimages/IMAGENES/12001209.png,https://domicilios.tiendasd1.com/p/harina-de-maiz-amarillo-quicksy-1000-g-12001209
CHOCO KRISPIS KELLOGG¬øS 200 G,,D1,Despensa,https://stockimages.tiendasd1.com/stockimages.tiendasd1.com/kobastockimages/IMAGENES/12002686.png,https://domicilios.tiendasd1.com/p/choco-krispis-kelloggs-200-g-12002686
ZUCARITAS KELLOGG¬øS 200 G,,D1,Despensa,https://stockimages.tiendasd1.com/stockimages.tiendasd1.com/kobastockimages/IMAGENES/12002711.png,https://domicilios.tiendasd1.com/p/zucaritas-kelloggs-200-g-12002711
CEREAL FLIPS CHOCOLATE 400 G,,D1,Despensa,https://stockimages.tiendasd1.com/stockimages.tiendasd1.com/kobastockimages/IMAGENES/12002957.png,https://domicilios.tiendasd1.com/p/cereal-flips-chocolate-400-g-12002957
FROOT LOOPS KELLOGG¬∞S 160 G,,D1,Despensa,https://stockimages.tiendasd1.com/stockimages.tiendasd1.com/kobastockimages/IMAGENES/12003208.png,https://domicilios.tiendasd1.com/p/froot-loops-kelloggs-160-g-12003208
BARRAS DE CEREAL FIT GRAAN 138 G,,D1,Despensa,https://stockimages.tiendasd1.com/stockimages.tiendasd1.com/kobastockimages/IMAGENES/12001662.png,https://domicilios.tiendasd1.com/p/barras-de-cereal-fit-graan-138-g-12001662
CEREAL DE MAIZ Y QUINUA FIT GRAAN 300 G,,D1,Despensa,https://stockimages.tiendasd1.com/stockimages.tiendasd1.com/kobastockimages/IMAGENES/12001915.png,https://domicilios.tiendasd1.com/p/cereal-de-maiz-y-quinua-fit-graan-300-g-12001915
HOJUELA DE MAIZ NATURAL FIT GRAAN 300 GR,,D1,Despensa,https://stockimages.tiendasd1.com/stockimages.tiendasd1.com/kobastockimages/IMAGENES/12003664.png,https://domicilios.tiendasd1.com/p/hojuela-de-maiz-natural-fit-graan-300-gr-12003664
HOJUELAS AZUCARADAS FIOCCO 300 G,,D1,Despensa,https://stockimages.tiendasd1.com/stockimages.tiendasd1.com/kobastockimages/IMAGENES/12000392.png,https://domicilios.tiendasd1.com/p/hojuelas-azucaradas-fiocco-300-g-12000392
ARROZ ACHOCOLATADO FIOCCO 320 G,$ 4.990,D1,Despensa,https://stockimages.tiendasd1.com/stockimages.tiendasd1.com/kobastockimages/IMAGENES/12000393.png,https://domicilios.tiendasd1.com/p/arroz-achocolatado-fiocco-320-g-12000393
AROS FRUTALES FIOCCO 230 G,,D1,Despensa,https://stockimages.tiendasd1.com/stockimages.tiendasd1.com/kobastockimages/IMAGENES/12000394.png,https://domicilios.tiendasd1.com/p/aros-frutales-fiocco-230-g-12000394
AVENA EN HOJUELAS FIT GRAAN 250 G,,D1,Despensa,https://stockimages.tiendasd1.com/stockimages.tiendasd1.com/kobastockimages/IMAGENES/12000457.png,https://domicilios.tiendasd1.com/p/avena-en-hojuelas-fit-graan-250-g-12000457
GRANOLA COCO Y PASAS FIT GRAAN 350 G,,D1,Despensa,https://stockimages.tiendasd1.com/stockimages.tiendasd1.com/kobastockimages/IMAGENES/12001666.png,https://domicilios.tiendasd1.com/p/granola-coco-y-pasas-fit-graan-350-g-12001666
TAMAL TOLIMENSE 2 UND 400 G,,D1,Despensa,https://stockimages.tiendasd1.com/stockimages.tiendasd1.com/kobastockimages/IMAGENES/12003592.png,https://domicilios.tiendasd1.com/p/tamal-tolimense-2-und-400-g-12003592
PIZZA DE JAM√ìN Y QUESO / HAWAIANA BACKEREI 130 G,$ 3.790,D1,Despensa,https://stockimages.tiendasd1.com/stockimages.tiendasd1.com/kobastockimages/IMAGENES/12000395.png,https://domicilios.tiendasd1.com/p/pizza-de-jamon-y-queso-hawaiana-backerei-130-g-12000395
QUINUA PREPARADA CUCINA & AMORE 225 G,$ 7.990,D1,Despensa,https://stockimages.tiendasd1.com/stockimages.tiendasd1.com/kobastockimages/IMAGENES/12001811.png,https://domicilios.tiendasd1.com/p/quinua-preparada-cucina-amore-225-g-12001811
SALSA SHOWY 200 G,$ 3.890,D1,Despensa,https://stockimages.tiendasd1.com/stockimages.tiendasd1.com/kobastockimages/IMAGENES/12000507.png,https://domicilios.tiendasd1.com/p/salsa-showy-200-g-12000507
VINAGRETA RANCH ZEV X 240 GR,$ 3.590,D1,Despensa,https://stockimages.tiendasd1.com/stockimages.tiendasd1.com/kobastockimages/IMAGENES/12000546.png,https://domicilios.tiendasd1.com/p/vinagreta-ranch-zev-x-240-gr-12000546
VINAGRETA ITALIANA ZEV 240 G,$ 3.590,D1,Despensa,https://stockimages.tiendasd1.com/stockimages.tiendasd1.com/kobastockimages/IMAGENES/12000610.png,https://domicilios.tiendasd1.com/p/vinagreta-italiana-zev-240-g-12000610
MAYONESA FRUCO 480 G,$ 7.350,D1,Despensa,https://stockimages.tiendasd1.com/stockimages.tiendasd1.com/kobastockimages/IMAGENES/12003052.png,https://domicilios.tiendasd1.com/p/mayonesa-fruco-480-g-12003052
SALSA T√ÅRTARA ZEV 200GR,$ 1.990,D1,Despensa,https://stockimages.tiendasd1.com/stockimages.tiendasd1.com/kobastockimages/IMAGENES/12003736.png,https://domicilios.tiendasd1.com/p/salsa-tartara-zev-200gr-12003736
ESENCIA DE VAINILLA SPECIARIA 155ML,$ 1.990,D1,Despensa,https://stockimages.tiendasd1.com/stockimages.tiendasd1.com/kobastockimages/IMAGENES/12003758.png,https://domicilios.tiendasd1.com/p/esencia-de-vainilla-speciaria-155ml-12003758
SALSA DE TOMATE FRUCO 650G,$ 7.490,D1,Despensa,https://stockimages.tiendasd1.com/stockimages.tiendasd1.com/kobastockimages/IMAGENES/12003759.png,https://domicilios.tiendasd1.com/p/salsa-de-tomate-fruco-650g-12003759
SALSA DE AJ√ç PICANTE MASH 175 GR,$ 1.890,D1,Despensa,https://stockimages.tiendasd1.com/stockimages.tiendasd1.com/kobastockimages/IMAGENES/12003801.png,https://domicilios.tiendasd1.com/p/salsa-de-aji-picante-mash-175-gr-12003801
PASTA DE TOMATE ZEV 200 G,$ 2.190,D1,Despensa,https://stockimages.tiendasd1.com/stockimages.tiendasd1.com/kobastockimages/IMAGENES/12000264.png,https://domicilios.tiendasd1.com/p/pasta-de-tomate-zev-200-g-12000264
MOSTAZA ZEV 200 G,$ 1.690,D1,Despensa,https://stockimages.tiendasd1.com/stockimages.tiendasd1.com/kobastockimages/IMAGENES/12000265.png,https://domicilios.tiendasd1.com/p/mostaza-zev-200-g-12000265
MAYONESA BAJA EN GRASA ZEV 500 G,,D1,Despensa,https://stockimages.tiendasd1.com/stockimages.tiendasd1.com/kobastockimages/IMAGENES/12000305.png,https://domicilios.tiendasd1.com/p/mayonesa-baja-en-grasa-zev-500-g-12000305
MAYONESA CON MOSTAZA ZEV 200 GRS,$ 2.390,D1,Despensa,https://stockimages.tiendasd1.com/stockimages.tiendasd1.com/kobastockimages/IMAGENES/12000322.png,https://domicilios.tiendasd1.com/p/mayonesa-con-mostaza-zev-200-grs-12000322
SALSA ROSADA ZEV 200 G,,D1,Despensa,https://stockimages.tiendasd1.com/stockimages.tiendasd1.com/kobastockimages/IMAGENES/12000828.png,https://domicilios.tiendasd1.com/p/salsa-rosada-zev-200-g-12000828
SALSA TERIYAKI ZEV 190 GR,,D1,Despensa,https://stockimages.tiendasd1.com/stockimages.tiendasd1.com/kobastockimages/IMAGENES/12003608.png,https://domicilios.tiendasd1.com/p/salsa-teriyaki-zev-190-gr-12003608
VINAGRE DE SIDRA DE MANZANA NATRI 250ML,,D1,Despensa,https://stockimages.tiendasd1.com/stockimages.tiendasd1.com/kobastockimages/IMAGENES/12003654.png,https://domicilios.tiendasd1.com/p/vinagre-de-sidra-de-manzana-natri-250ml-12003654
SALSA DE QUESO CRACHOS 200 G,,D1,Despensa,https://stockimages.tiendasd1.com/stockimages.tiendasd1.com/kobastockimages/IMAGENES/12000150.png,https://domicilios.tiendasd1.com/p/salsa-de-queso-crachos-200-g-12000150
GUACAMOLE CRACHOS 200 G,,D1,Despensa,https://stockimages.tiendasd1.com/stockimages.tiendasd1.com/kobastockimages/IMAGENES/12000295.png,https://domicilios.tiendasd1.com/p/guacamole-crachos-200-g-12000295
VINAGRE BLANCO ZEV 500 ML,$ 1.790,D1,Despensa,https://stockimages.tiendasd1.com/stockimages.tiendasd1.com/kobastockimages/IMAGENES/12000414.png,https://domicilios.tiendasd1.com/p/vinagre-blanco-zev-500-ml-12000414
SALSA PARA CARNES ZEV 195 G,,D1,Despensa,https://stockimages.tiendasd1.com/stockimages.tiendasd1.com/kobastockimages/IMAGENES/12000439.png,https://domicilios.tiendasd1.com/p/salsa-para-carnes-zev-195-g-12000439
SALSA DE SOYA ZEV 190 G,$ 1.390,D1,Despensa,https://stockimages.tiendasd1.com/stockimages.tiendasd1.com/kobastockimages/IMAGENES/12000440.png,https://domicilios.tiendasd1.com/p/salsa-de-soya-zev-190-g-12000440
SALSA NEGRA ZEV 190 G,$ 1.750,D1,Despensa,https://stockimages.tiendasd1.com/stockimages.tiendasd1.com/kobastockimages/IMAGENES/12000441.png,https://domicilios.tiendasd1.com/p/salsa-negra-zev-190-g-12000441
SALSA DE TOMATE ZEV 500 G,$ 2.790,D1,Despensa,https://stockimages.tiendasd1.com/stockimages.tiendasd1.com/kobastockimages/IMAGENES/12000266.png,https://domicilios.tiendasd1.com/p/salsa-de-tomate-zev-500-g-12000266
SALSA NAPOLITANA DELIZIARE 400 G,,D1,Despensa,https://stockimages.tiendasd1.com/stockimages.tiendasd1.com/kobastockimages/IMAGENES/12000450.png,https://domicilios.tiendasd1.com/p/salsa-napolitana-deliziare-400-g-12000450
SALSA BOLO√ëESA DELIZIARE 400 G,$ 6.490,D1,Despensa,https://stockimages.tiendasd1.com/stockimages.tiendasd1.com/kobastockimages/IMAGENES/12000451.png,https://domicilios.tiendasd1.com/p/salsa-bolonesa-deliziare-400-g-12000451
MERMELADA SIN AZUCAR NATRI 220GR,,D1,Despensa,https://stockimages.tiendasd1.com/stockimages.tiendasd1.com/kobastockimages/IMAGENES/12003536.png,https://domicilios.tiendasd1.com/p/mermelada-sin-azucar-natri-220gr-12003536
PASTELITOS RECREO MIX BIMBO 5 UND 149 G,,D1,Despensa,https://stockimages.tiendasd1.com/stockimages.tiendasd1.com/kobastockimages/IMAGENES/12000821.png,https://domicilios.tiendasd1.com/p/pastelitos-recreo-mix-bimbo-5-und-149-g-12000821
ACHIRAS DEL HUILA 120 G,,D1,Despensa,https://stockimages.tiendasd1.com/stockimages.tiendasd1.com/kobastockimages/IMAGENES/12001107.png,https://domicilios.tiendasd1.com/p/achiras-del-huila-120-g-12001107
ROSCON RESOBADO BOCADILLO JOSMAR 150 G,,D1,Despensa,https://stockimages.tiendasd1.com/stockimages.tiendasd1.com/kobastockimages/IMAGENES/12002089.png,https://domicilios.tiendasd1.com/p/roscon-resobado-bocadillo-josmar-150-g-12002089
GANSITO RAMO 6 UNIDADES 222 G,$ 6.590,D1,Despensa,https://stockimages.tiendasd1.com/stockimages.tiendasd1.com/kobastockimages/IMAGENES/12002951.png,https://domicilios.tiendasd1.com/p/gansito-ramo-6-unidades-222-g-12002951
PING√úINOS MARINELA 4 UND - 160 G,,D1,Despensa,https://stockimages.tiendasd1.com/stockimages.tiendasd1.com/kobastockimages/IMAGENES/12003299.png,https://domicilios.tiendasd1.com/p/pinguinos-marinela-4-und-160-g-12003299
BROWNIE CON AREQUIPE HORNEADITOS 80 GRS,$ 1.750,D1,Despensa,https://stockimages.tiendasd1.com/stockimages.tiendasd1.com/kobastockimages/IMAGENES/12000073.png,https://domicilios.tiendasd1.com/p/brownie-con-arequipe-horneaditos-80-grs-12000073
PAN DE YUCA HORNEADITOS 10 UND 90 G,$ 3.990,D1,Despensa,https://stockimages.tiendasd1.com/stockimages.tiendasd1.com/kobastockimages/IMAGENES/12000148.png,https://domicilios.tiendasd1.com/p/pan-de-yuca-horneaditos-10-und-90-g-12000148
WAFFLE SABOR NATURAL BACKEREI 216 G,$ 5.990,D1,Despensa,https://stockimages.tiendasd1.com/stockimages.tiendasd1.com/kobastockimages/IMAGENES/12000196.png,https://domicilios.tiendasd1.com/p/waffle-sabor-natural-backerei-216-g-12000196
LENGUAS DULCES HORNEADITOS 100 G,$ 1.890,D1,Despensa,https://stockimages.tiendasd1.com/stockimages.tiendasd1.com/kobastockimages/IMAGENES/12000197.png,https://domicilios.tiendasd1.com/p/lenguas-dulces-horneaditos-100-g-12000197
PALITROQUES HORNEADITOS 100 G,$ 2.150,D1,Despensa,https://stockimages.tiendasd1.com/stockimages.tiendasd1.com/kobastockimages/IMAGENES/12000198.png,https://domicilios.tiendasd1.com/p/palitroques-horneaditos-100-g-12000198
PAN INTEGRAL MIEL Y PASAS HORNEADITOS 340 G,,D1,Despensa,https://stockimages.tiendasd1.com/stockimages.tiendasd1.com/kobastockimages/IMAGENES/12000307.png,https://domicilios.tiendasd1.com/p/pan-integral-miel-y-pasas-horneaditos-340-g-12000307
GALLETA CUCA HORNEADITOS 12 UND - 340 G,$ 3.450,D1,Despensa,https://stockimages.tiendasd1.com/stockimages.tiendasd1.com/kobastockimages/IMAGENES/12000355.png,https://domicilios.tiendasd1.com/p/galleta-cuca-horneaditos-12-und-340-g-12000355
MINI BROWNIES HORNEADITOS 15 UND - 350 G,$ 7.990,D1,Despensa,https://stockimages.tiendasd1.com/stockimages.tiendasd1.com/kobastockimages/IMAGENES/12000412.png,https://domicilios.tiendasd1.com/p/mini-brownies-horneaditos-15-und-350-g-12000412
QUESUDITOS HORNEADITOS 250 G,$ 4.950,D1,Despensa,https://stockimages.tiendasd1.com/stockimages.tiendasd1.com/kobastockimages/IMAGENES/12000471.png,https://domicilios.tiendasd1.com/p/quesuditos-horneaditos-250-g-12000471
TOSTADAS FINAS HIERBAS HORNEADITOS 90 G,$ 2.090,D1,Despensa,https://stockimages.tiendasd1.com/stockimages.tiendasd1.com/kobastockimages/IMAGENES/12000613.png,https://domicilios.tiendasd1.com/p/tostadas-finas-hierbas-horneaditos-90-g-12000613
TOSTADAS CON AJO HORNEADITOS 90 G,$ 2.090,D1,Despensa,https://stockimages.tiendasd1.com/stockimages.tiendasd1.com/kobastockimages/IMAGENES/12000692.png,https://domicilios.tiendasd1.com/p/tostadas-con-ajo-horneaditos-90-g-12000692
PAN TAJADO ARTESANAL INTEGRAL HORNEADITOS 500 G,$ 5.890,D1,Despensa,https://stockimages.tiendasd1.com/stockimages.tiendasd1.com/kobastockimages/IMAGENES/12003160.png,https://domicilios.tiendasd1.com/p/pan-tajado-artesanal-integral-horneaditos-500-g-12003160
MINI CROISSANT HORNEADITOS 340 GRS,$ 3.750,D1,Despensa,https://stockimages.tiendasd1.com/stockimages.tiendasd1.com/kobastockimages/IMAGENES/12000046.png,https://domicilios.tiendasd1.com/p/mini-croissant-horneaditos-340-grs-12000046
PAN PERRO CON AJONJOL√ç HORNEADITOS 6 UND 370 G,,D1,Despensa,https://stockimages.tiendasd1.com/stockimages.tiendasd1.com/kobastockimages/IMAGENES/12000061.png,https://domicilios.tiendasd1.com/p/pan-perro-con-ajonjoli-horneaditos-6-und-370-g-12000061
PAN LECHE HORNEADITOS 10 UND 440 GRS,$ 3.290,D1,Despensa,https://stockimages.tiendasd1.com/stockimages.tiendasd1.com/kobastockimages/IMAGENES/12000069.png,https://domicilios.tiendasd1.com/p/pan-leche-horneaditos-10-und-440-grs-12000069
TORTA NEGRA HORNEADITOS 80 GRS,$ 1.650,D1,Despensa,https://stockimages.tiendasd1.com/stockimages.tiendasd1.com/kobastockimages/IMAGENES/12000072.png,https://domicilios.tiendasd1.com/p/torta-negra-horneaditos-80-grs-12000072
TOSTADA SURTIDA HORNEADITOS 100 G,,D1,Despensa,https://stockimages.tiendasd1.com/stockimages.tiendasd1.com/kobastockimages/IMAGENES/12000299.png,https://domicilios.tiendasd1.com/p/tostada-surtida-horneaditos-100-g-12000299
MOGOLLA INTEGR HORNEADITOS 10 UND - 400 G,$ 3.190,D1,Despensa,https://stockimages.tiendasd1.com/stockimages.tiendasd1.com/kobastockimages/IMAGENES/12000343.png,https://domicilios.tiendasd1.com/p/mogolla-integr-horneaditos-10-und-400-g-12000343
PAN ARTESANAL HORNEADITOS 500 G,$ 4.790,D1,Despensa,https://stockimages.tiendasd1.com/stockimages.tiendasd1.com/kobastockimages/IMAGENES/12000800.png,https://domicilios.tiendasd1.com/p/pan-artesanal-horneaditos-500-g-12000800
TOSTADA NATRI MULTICEREAL70 GRS / MA√çZ 90 GRS,,D1,Despensa,https://stockimages.tiendasd1.com/stockimages.tiendasd1.com/kobastockimages/IMAGENES/12000992.png,https://domicilios.tiendasd1.com/p/tostada-natri-multicereal70-grs-maiz-90-grs-12000992
PAN TAJADO BLANCO HORNEADITOS 450 GRS,$ 2.990,D1,Despensa,https://stockimages.tiendasd1.com/stockimages.tiendasd1.com/kobastockimages/IMAGENES/12000050.png,https://domicilios.tiendasd1.com/p/pan-tajado-blanco-horneaditos-450-grs-12000050
TOSTADA CL√ÅSICA HORNEADITOS 10 UND 150 G,$ 1.650,D1,Despensa,https://stockimages.tiendasd1.com/stockimages.tiendasd1.com/kobastockimages/IMAGENES/12000047.png,https://domicilios.tiendasd1.com/p/tostada-clasica-horneaditos-10-und-150-g-12000047
TOSTADA INTEGRAL HORNEADITOS 10 UND 150G,$ 1.750,D1,Despensa,https://stockimages.tiendasd1.com/stockimages.tiendasd1.com/kobastockimages/IMAGENES/12000048.png,https://domicilios.tiendasd1.com/p/tostada-integral-horneaditos-10-und-150g-12000048
PAN MULTIGRANOS NATRI 0 AZUCAR 450 G,,D1,Despensa,https://stockimages.tiendasd1.com/stockimages.tiendasd1.com/kobastockimages/IMAGENES/12003895.png,https://domicilios.tiendasd1.com/p/pan-multigranos-natri-0-azucar-450-g-12003895
COCADA TRADICIONAL NORMANDY 240 G,$ 6.490,D1,Despensa,https://stockimages.tiendasd1.com/stockimages.tiendasd1.com/kobastockimages/IMAGENES/12001026.png,https://domicilios.tiendasd1.com/p/cocada-tradicional-normandy-240-g-12001026
TIRUDITO SUPERCOCO (8g) 15U,$ 3.190,D1,Despensa,https://stockimages.tiendasd1.com/stockimages.tiendasd1.com/kobastockimages/IMAGENES/12002101.png,https://domicilios.tiendasd1.com/p/tirudito-supercoco-8g-15u-12002101
GALLETA WAFER COCOSETTE 50 G,$ 1.390,D1,Despensa,https://stockimages.tiendasd1.com/stockimages.tiendasd1.com/kobastockimages/IMAGENES/12002212.png,https://domicilios.tiendasd1.com/p/galleta-wafer-cocosette-50-g-12002212
BOM BOM BUM FRESA PQ 6,$ 2.190,D1,Despensa,https://stockimages.tiendasd1.com/stockimages.tiendasd1.com/kobastockimages/IMAGENES/12003348.png,https://domicilios.tiendasd1.com/p/bom-bom-bum-fresa-pq-6-12003348
CHOCOLATE KITKAT CHUNKY 40 GRS,,D1,Despensa,https://stockimages.tiendasd1.com/stockimages.tiendasd1.com/kobastockimages/IMAGENES/12003733.png,https://domicilios.tiendasd1.com/p/chocolate-kitkat-chunky-40-grs-12003733
TRIDENT MENTA SIN AZUCAR 5S,$ 1.150,D1,Despensa,https://stockimages.tiendasd1.com/stockimages.tiendasd1.com/kobastockimages/IMAGENES/12003918.png,https://domicilios.tiendasd1.com/p/trident-menta-sin-azucar-5s-12003918
CREMA DE AVELLANAS NUZART 350 G,$ 7.990,D1,Despensa,https://stockimages.tiendasd1.com/stockimages.tiendasd1.com/kobastockimages/IMAGENES/12000285.png,https://domicilios.tiendasd1.com/p/crema-de-avellanas-nuzart-350-g-12000285
CREMA DE AVELLANAS DUO NUZART 350 G,,D1,Despensa,https://stockimages.tiendasd1.com/stockimages.tiendasd1.com/kobastockimages/IMAGENES/12000356.png,https://domicilios.tiendasd1.com/p/crema-de-avellanas-duo-nuzart-350-g-12000356
CHOCOLATINA KEO 12 UND 144 G,,D1,Despensa,https://stockimages.tiendasd1.com/stockimages.tiendasd1.com/kobastockimages/IMAGENES/12001101.png,https://domicilios.tiendasd1.com/p/chocolatina-keo-12-und-144-g-12001101
TRIDENT SIN AZUCAR SANDIA 18,$ 3.150,D1,Despensa,https://stockimages.tiendasd1.com/stockimages.tiendasd1.com/kobastockimages/IMAGENES/12001146.png,https://domicilios.tiendasd1.com/p/trident-sin-azucar-sandia-18-12001146
CARAMELOS MASTICABLES SPARKIES 25 G,$ 1.100,D1,Despensa,https://stockimages.tiendasd1.com/stockimages.tiendasd1.com/kobastockimages/IMAGENES/12001150.png,https://domicilios.tiendasd1.com/p/caramelos-masticables-sparkies-25-g-12001150
LAMINAS DE CHOCOLATE BISCOLATA CHOCOCHIPS 115 G,,D1,Despensa,https://stockimages.tiendasd1.com/stockimages.tiendasd1.com/kobastockimages/IMAGENES/12001152.png,https://domicilios.tiendasd1.com/p/laminas-de-chocolate-biscolata-chocochips-115-g-12001152
BARQUILLOS RELLENOS DE CREMA NUZART 150 G,$ 6.490,D1,Despensa,https://stockimages.tiendasd1.com/stockimages.tiendasd1.com/kobastockimages/IMAGENES/12001563.png,https://domicilios.tiendasd1.com/p/barquillos-rellenos-de-crema-nuzart-150-g-12001563
BARRA DE CHOCOLATE CON MAN√ç JUMBO 40 G,$ 2.250,D1,Despensa,https://stockimages.tiendasd1.com/stockimages.tiendasd1.com/kobastockimages/IMAGENES/12001688.png,https://domicilios.tiendasd1.com/p/barra-de-chocolate-con-mani-jumbo-40-g-12001688
GALLETA WAFER RECUBIERTA DE CHOCOLATE JET WAFER 22 G,,D1,Despensa,https://stockimages.tiendasd1.com/stockimages.tiendasd1.com/kobastockimages/IMAGENES/12001844.png,https://domicilios.tiendasd1.com/p/galleta-wafer-recubierta-de-chocolate-jet-wafer-22-g-12001844
BARRA DE CHOCOLATE PREMIUM CHALET DU CHOCOLAT 50 G,$ 2.990,D1,Despensa,https://stockimages.tiendasd1.com/stockimages.tiendasd1.com/kobastockimages/IMAGENES/12001920.png,https://domicilios.tiendasd1.com/p/barra-de-chocolate-premium-chalet-du-chocolat-50-g-12001920
TRUFAS DE BROWNIE TRUFUS 80 G,$ 2.150,D1,Despensa,https://stockimages.tiendasd1.com/stockimages.tiendasd1.com/kobastockimages/IMAGENES/12002046.png,https://domicilios.tiendasd1.com/p/trufas-de-brownie-trufus-80-g-12002046
NANOS PARTICULAS DE DULCES √ÅCIDOS OKA LOKA 40 G,,D1,Despensa,https://stockimages.tiendasd1.com/stockimages.tiendasd1.com/kobastockimages/IMAGENES/12002084.png,https://domicilios.tiendasd1.com/p/nanos-particulas-de-dulces-acidos-oka-loka-40-g-12002084
POLVO √ÅCIDO Y CHUPETA MASTICABLE OKA LOKA 14 G,$ 890,D1,Despensa,https://stockimages.tiendasd1.com/stockimages.tiendasd1.com/kobastockimages/IMAGENES/12002095.png,https://domicilios.tiendasd1.com/p/polvo-acido-y-chupeta-masticable-oka-loka-14-g-12002095
BARRA DE CHOCOLATE CON CARAMELO Y MANI WAPPS,$ 1.990,D1,Despensa,https://stockimages.tiendasd1.com/stockimages.tiendasd1.com/kobastockimages/IMAGENES/12002189.png,https://domicilios.tiendasd1.com/p/barra-de-chocolate-con-caramelo-y-mani-wapps-12002189
MORITAS DE GOMA BEBETO 150 G,$ 2.990,D1,Despensa,https://stockimages.tiendasd1.com/stockimages.tiendasd1.com/kobastockimages/IMAGENES/12002435.png,https://domicilios.tiendasd1.com/p/moritas-de-goma-bebeto-150-g-12002435
HELADOS DE GOMA BEBETO 150 G,$ 2.990,D1,Despensa,https://stockimages.tiendasd1.com/stockimages.tiendasd1.com/kobastockimages/IMAGENES/12002438.png,https://domicilios.tiendasd1.com/p/helados-de-goma-bebeto-150-g-12002438
GALLETA MINI BURGER OZMO 40 GRS,,D1,Despensa,https://stockimages.tiendasd1.com/stockimages.tiendasd1.com/kobastockimages/IMAGENES/12003248.png,https://domicilios.tiendasd1.com/p/galleta-mini-burger-ozmo-40-grs-12003248
MASMELOS BLANCOS MELI MELLOWS 120 GR,,D1,Despensa,https://stockimages.tiendasd1.com/stockimages.tiendasd1.com/kobastockimages/IMAGENES/12003391.png,https://domicilios.tiendasd1.com/p/masmelos-blancos-meli-mellows-120-gr-12003391
OBLEAS TRADICION 1915 4 OBLEAS 140G,,D1,Despensa,https://stockimages.tiendasd1.com/stockimages.tiendasd1.com/kobastockimages/IMAGENES/12003591.png,https://domicilios.tiendasd1.com/p/obleas-tradicion-1915-4-obleas-140g-12003591
BOCADILLO VELE√ëO DULCE NATURALEZA 470 G,,D1,Despensa,https://stockimages.tiendasd1.com/stockimages.tiendasd1.com/kobastockimages/IMAGENES/12000515.png,https://domicilios.tiendasd1.com/p/bocadillo-veleno-dulce-naturaleza-470-g-12000515
LONJA DE GUAYABA DULCE NATURALEZA 300 G,$ 1.950,D1,Despensa,https://stockimages.tiendasd1.com/stockimages.tiendasd1.com/kobastockimages/IMAGENES/12000516.png,https://domicilios.tiendasd1.com/p/lonja-de-guayaba-dulce-naturaleza-300-g-12000516
BARRA DE CHOCOLATE SNICKERS 53 G,$ 3.290,D1,Despensa,https://stockimages.tiendasd1.com/stockimages.tiendasd1.com/kobastockimages/IMAGENES/12001295.png,https://domicilios.tiendasd1.com/p/barra-de-chocolate-snickers-53-g-12001295
CHOCOLATES RELLENOS DE MAN√ç M&MS 49 G,,D1,Despensa,https://stockimages.tiendasd1.com/stockimages.tiendasd1.com/kobastockimages/IMAGENES/12001945.png,https://domicilios.tiendasd1.com/p/chocolates-rellenos-de-mani-mms-49-g-12001945
WAFER CUBIERTA DE CHOCOLATE BISCOLATA VENI 20 G,$ 950,D1,Despensa,https://stockimages.tiendasd1.com/stockimages.tiendasd1.com/kobastockimages/IMAGENES/12002455.png,https://domicilios.tiendasd1.com/p/wafer-cubierta-de-chocolate-biscolata-veni-20-g-12002455
GOMA INFANTIL HUBBA BUBBA,,D1,Despensa,https://stockimages.tiendasd1.com/stockimages.tiendasd1.com/kobastockimages/IMAGENES/12003182.png,https://domicilios.tiendasd1.com/p/goma-infantil-hubba-bubba-12003182
GOMAS SURTIDAS TRULULU 150 G,$ 2.390,D1,Despensa,https://stockimages.tiendasd1.com/stockimages.tiendasd1.com/kobastockimages/IMAGENES/12000707.png,https://domicilios.tiendasd1.com/p/gomas-surtidas-trululu-150-g-12000707
MANTEQUILLA DE MAN√ç PET MASH 227 G,$ 5.490,D1,Despensa,https://stockimages.tiendasd1.com/stockimages.tiendasd1.com/kobastockimages/IMAGENES/12001000.png,https://domicilios.tiendasd1.com/p/mantequilla-de-mani-pet-mash-227-g-12001000
GELATINA BLANCA TRADICION 1915 168 G,,D1,Despensa,https://stockimages.tiendasd1.com/stockimages.tiendasd1.com/kobastockimages/IMAGENES/12002610.png,https://domicilios.tiendasd1.com/p/gelatina-blanca-tradicion-1915-168-g-12002610
ALFAJOR PREMIUM CHOCOLATE LECHE O BLANCO,,D1,Despensa,https://stockimages.tiendasd1.com/stockimages.tiendasd1.com/kobastockimages/IMAGENES/12003461.png,https://domicilios.tiendasd1.com/p/alfajor-premium-chocolate-leche-o-blanco-12003461
TIC TAC NARANJA 16 G,,D1,Despensa,https://stockimages.tiendasd1.com/stockimages.tiendasd1.com/kobastockimages/IMAGENES/12001715.png,https://domicilios.tiendasd1.com/p/tic-tac-naranja-16-g-12001715
HUEVO SORPRESA KINDER JOY 20 G,$ 4.950,D1,Despensa,https://stockimages.tiendasd1.com/stockimages.tiendasd1.com/kobastockimages/IMAGENES/12001684.png,https://domicilios.tiendasd1.com/p/huevo-sorpresa-kinder-joy-20-g-12001684
GOMA DE MASCAR DOUBLEMINT 5 STK,,D1,Despensa,https://stockimages.tiendasd1.com/stockimages.tiendasd1.com/kobastockimages/IMAGENES/12002953.png,https://domicilios.tiendasd1.com/p/goma-de-mascar-doublemint-5-stk-12002953
TABLETA CHOCOLATE HERSHEY¬∞S COOKIES N CREAM,$ 3.390,D1,Despensa,https://stockimages.tiendasd1.com/stockimages.tiendasd1.com/kobastockimages/IMAGENES/12003161.png,https://domicilios.tiendasd1.com/p/tableta-chocolate-hersheys-cookies-n-cream-12003161
GALLETA 2 TACOS DUCALES NOEL 241 GRS,$ 4.490,D1,Despensa,https://stockimages.tiendasd1.com/stockimages.tiendasd1.com/kobastockimages/IMAGENES/12000096.png,https://domicilios.tiendasd1.com/p/galleta-2-tacos-ducales-noel-241-grs-12000096
GALLETAS VAINILLA 18UN WAFER NOEL 432 GR,,D1,Despensa,https://stockimages.tiendasd1.com/stockimages.tiendasd1.com/kobastockimages/IMAGENES/12000134.png,https://domicilios.tiendasd1.com/p/galletas-vainilla-18un-wafer-noel-432-gr-12000134
GALLETAS SANDWICH QUESO DUX,$ 5.890,D1,Despensa,https://stockimages.tiendasd1.com/stockimages.tiendasd1.com/kobastockimages/IMAGENES/12002094.png,https://domicilios.tiendasd1.com/p/galletas-sandwich-queso-dux-12002094
GALLETA INTEGRAL CLUB SOCIAL 6 UND,,D1,Despensa,https://stockimages.tiendasd1.com/stockimages.tiendasd1.com/kobastockimages/IMAGENES/12002270.png,https://domicilios.tiendasd1.com/p/galleta-integral-club-social-6-und-12002270
SALTIN INTEGRAL NOEL 3 TACOS 415 GRS,$ 6.290,D1,Despensa,https://stockimages.tiendasd1.com/stockimages.tiendasd1.com/kobastockimages/IMAGENES/12003252.png,https://domicilios.tiendasd1.com/p/saltin-integral-noel-3-tacos-415-grs-12003252
GALLETA HAPPY BLACK 12 PQ 408G,$ 5.990,D1,Despensa,https://stockimages.tiendasd1.com/stockimages.tiendasd1.com/kobastockimages/IMAGENES/12003804.png,https://domicilios.tiendasd1.com/p/galleta-happy-black-12-pq-408g-12003804
GALLETA SALTIN NOEL 5 TACOS 410 G,$ 4.750,D1,Despensa,https://stockimages.tiendasd1.com/stockimages.tiendasd1.com/kobastockimages/IMAGENES/12003986.png,https://domicilios.tiendasd1.com/p/galleta-saltin-noel-5-tacos-410-g-12003986
GALLETA DE LECHE MUUU COLOMBINA 216 GRS X 18 UND,$ 3.750,D1,Despensa,https://stockimages.tiendasd1.com/stockimages.tiendasd1.com/kobastockimages/IMAGENES/12000019.png,https://domicilios.tiendasd1.com/p/galleta-de-leche-muuu-colombina-216-grs-x-18-und-12000019
GALLETA CHIPS DE CHOCOLATE 6 PQ,$ 4.950,D1,Despensa,https://stockimages.tiendasd1.com/stockimages.tiendasd1.com/kobastockimages/IMAGENES/12000435.png,https://domicilios.tiendasd1.com/p/galleta-chips-de-chocolate-6-pq-12000435
GALLETA RELLENA BISCOLATA MOOD 115 G,,D1,Despensa,https://stockimages.tiendasd1.com/stockimages.tiendasd1.com/kobastockimages/IMAGENES/12000744.png,https://domicilios.tiendasd1.com/p/galleta-rellena-biscolata-mood-115-g-12000744
GALLETA MINI WAFER BISCOLATA 117 G,,D1,Despensa,https://stockimages.tiendasd1.com/stockimages.tiendasd1.com/kobastockimages/IMAGENES/12000928.png,https://domicilios.tiendasd1.com/p/galleta-mini-wafer-biscolata-117-g-12000928
GALLETA SABOR OLIVA Y OR√âGANO GRETA 120 G,,D1,Despensa,https://stockimages.tiendasd1.com/stockimages.tiendasd1.com/kobastockimages/IMAGENES/12001102.png,https://domicilios.tiendasd1.com/p/galleta-sabor-oliva-y-oregano-greta-120-g-12001102
GALLETAS SALT√çSIMAS CLUB 6 UND 153 G,$ 2.590,D1,Despensa,https://stockimages.tiendasd1.com/stockimages.tiendasd1.com/kobastockimages/IMAGENES/12001657.png,https://domicilios.tiendasd1.com/p/galletas-saltisimas-club-6-und-153-g-12001657
GALLETA MIEL HONY BRAN 297 G,,D1,Despensa,https://stockimages.tiendasd1.com/stockimages.tiendasd1.com/kobastockimages/IMAGENES/12001689.png,https://domicilios.tiendasd1.com/p/galleta-miel-hony-bran-297-g-12001689
GALLETA RELLENA DE FRUTA NATRI 145 G,$ 5.650,D1,Despensa,https://stockimages.tiendasd1.com/stockimages.tiendasd1.com/kobastockimages/IMAGENES/12002009.png,https://domicilios.tiendasd1.com/p/galleta-rellena-de-fruta-natri-145-g-12002009
GALLETA WAFER VAINILLA HAPPY WAFER 174 G,$ 2.990,D1,Despensa,https://stockimages.tiendasd1.com/stockimages.tiendasd1.com/kobastockimages/IMAGENES/12002433.png,https://domicilios.tiendasd1.com/p/galleta-wafer-vainilla-happy-wafer-174-g-12002433
GALLETA INTEGRAL FUSION CEREALES NATRI 162 G,,D1,Despensa,https://stockimages.tiendasd1.com/stockimages.tiendasd1.com/kobastockimages/IMAGENES/12002436.png,https://domicilios.tiendasd1.com/p/galleta-integral-fusion-cereales-natri-162-g-12002436
GALLETA INTEGRAL CON MIEL NATRI 216 G,$ 3.590,D1,Despensa,https://stockimages.tiendasd1.com/stockimages.tiendasd1.com/kobastockimages/IMAGENES/12002511.png,https://domicilios.tiendasd1.com/p/galleta-integral-con-miel-natri-216-g-12002511
GALLETA CUBIERTA YOGUR NATRI 180 G,$ 6.850,D1,Despensa,https://stockimages.tiendasd1.com/stockimages.tiendasd1.com/kobastockimages/IMAGENES/12002600.png,https://domicilios.tiendasd1.com/p/galleta-cubierta-yogur-natri-180-g-12002600
GALLETA HAPPY CREAM VAINILLA 12 PQ 408G,$ 4.690,D1,Despensa,https://stockimages.tiendasd1.com/stockimages.tiendasd1.com/kobastockimages/IMAGENES/12002793.png,https://domicilios.tiendasd1.com/p/galleta-happy-cream-vainilla-12-pq-408g-12002793
GALLETA INTEGRAL CON AVENA Y BASE SABOR A YOGUR CROKAN 168 G,$ 4.550,D1,Despensa,https://stockimages.tiendasd1.com/stockimages.tiendasd1.com/kobastockimages/IMAGENES/12002809.png,https://domicilios.tiendasd1.com/p/galleta-integral-con-avena-y-base-sabor-a-yogur-crokan-168-g-12002809
GALLETA SEMIDULCE SALTISIMAS 3T 315G,$ 4.290,D1,Despensa,https://stockimages.tiendasd1.com/stockimages.tiendasd1.com/kobastockimages/IMAGENES/12003002.png,https://domicilios.tiendasd1.com/p/galleta-semidulce-saltisimas-3t-315g-12003002
GALLETA WAFER VAINILLA SIN AZUCAR BRIDGE 6 PK 162 GRS,,D1,Despensa,https://stockimages.tiendasd1.com/stockimages.tiendasd1.com/kobastockimages/IMAGENES/12003201.png,https://domicilios.tiendasd1.com/p/galleta-wafer-vainilla-sin-azucar-bridge-6-pk-162-grs-12003201
GALLETAS CARMELLO CLASSIC BERGEN 140 G,$ 3.390,D1,Despensa,https://stockimages.tiendasd1.com/stockimages.tiendasd1.com/kobastockimages/IMAGENES/12000419.png,https://domicilios.tiendasd1.com/p/galletas-carmello-classic-bergen-140-g-12000419
GALLETA HAPPY CREAM VAINILLA 6 PQ 204 G,$ 2.790,D1,Despensa,https://stockimages.tiendasd1.com/stockimages.tiendasd1.com/kobastockimages/IMAGENES/12001064.png,https://domicilios.tiendasd1.com/p/galleta-happy-cream-vainilla-6-pq-204-g-12001064
GALLETAS SALADAS SALTISIMAS 6 TACOS 454 G,,D1,Despensa,https://stockimages.tiendasd1.com/stockimages.tiendasd1.com/kobastockimages/IMAGENES/12002839.png,https://domicilios.tiendasd1.com/p/galletas-saladas-saltisimas-6-tacos-454-g-12002839
GALLETAS MANTEQUILLA SALT√çSIMAS 324 G,,D1,Despensa,https://stockimages.tiendasd1.com/stockimages.tiendasd1.com/kobastockimages/IMAGENES/12000352.png,https://domicilios.tiendasd1.com/p/galletas-mantequilla-saltisimas-324-g-12000352
GALLETAS CROKAN CAJA SURTIDA 200 G,$ 3.990,D1,Despensa,https://stockimages.tiendasd1.com/stockimages.tiendasd1.com/kobastockimages/IMAGENES/12000830.png,https://domicilios.tiendasd1.com/p/galletas-crokan-caja-surtida-200-g-12000830
GALLETA SEMIDULCE 5 TACOS 455 GRS,,D1,Despensa,https://stockimages.tiendasd1.com/stockimages.tiendasd1.com/kobastockimages/IMAGENES/12003003.png,https://domicilios.tiendasd1.com/p/galleta-semidulce-5-tacos-455-grs-12003003
GALLETA HAPPY CREAM LIMON 6 PQ 204 G,,D1,Despensa,https://stockimages.tiendasd1.com/stockimages.tiendasd1.com/kobastockimages/IMAGENES/12003275.png,https://domicilios.tiendasd1.com/p/galleta-happy-cream-limon-6-pq-204-g-12003275
GALLETAS SALT√çSIMAS 300 G,$ 3.150,D1,Despensa,https://stockimages.tiendasd1.com/stockimages.tiendasd1.com/kobastockimages/IMAGENES/12000283.png,https://domicilios.tiendasd1.com/p/galletas-saltisimas-300-g-12000283
GALLETA NEGRITA BLACK OUT 228 G,$ 3.490,D1,Despensa,https://stockimages.tiendasd1.com/stockimages.tiendasd1.com/kobastockimages/IMAGENES/12000994.png,https://domicilios.tiendasd1.com/p/galleta-negrita-black-out-228-g-12000994
GALLETA HAPPY CREAM FRESA 6 PQ 204 G,$ 2.790,D1,Despensa,https://stockimages.tiendasd1.com/stockimages.tiendasd1.com/kobastockimages/IMAGENES/12002336.png,https://domicilios.tiendasd1.com/p/galleta-happy-cream-fresa-6-pq-204-g-12002336
HUEVOS DE CODORNIZ SOL NACIENTE 24 UND,$ 4.790,D1,Despensa,https://stockimages.tiendasd1.com/stockimages.tiendasd1.com/kobastockimages/IMAGENES/12000303.png,https://domicilios.tiendasd1.com/p/huevos-de-codorniz-sol-naciente-24-und-12000303
HUEVO TIPO AA SOL NACIENTE 12 UND,$ 7.350,D1,Despensa,https://stockimages.tiendasd1.com/stockimages.tiendasd1.com/kobastockimages/IMAGENES/12000291.png,https://domicilios.tiendasd1.com/p/huevo-tipo-aa-sol-naciente-12-und-12000291
HUEVO TIPO A SOL NACIENTE 30 UND,$ 15.990,D1,Despensa,https://stockimages.tiendasd1.com/stockimages.tiendasd1.com/kobastockimages/IMAGENES/12000344.png,https://domicilios.tiendasd1.com/p/huevo-tipo-a-sol-naciente-30-und-12000344
CARNE PARA BISTEC LLANO ALTO 500 GR,$ 15.950,D1,Despensa,https://stockimages.tiendasd1.com/stockimages.tiendasd1.com/kobastockimages/IMAGENES/12003432.png,https://domicilios.tiendasd1.com/p/carne-para-bistec-llano-alto-500-gr-12003432
CHATA LLANO ALTO 500 GR,$ 20.190,D1,Despensa,https://stockimages.tiendasd1.com/stockimages.tiendasd1.com/kobastockimages/IMAGENES/12003433.png,https://domicilios.tiendasd1.com/p/chata-llano-alto-500-gr-12003433
CUBOS DE CERDO LLANO ALTO 500 GR,$ 10.250,D1,Despensa,https://stockimages.tiendasd1.com/stockimages.tiendasd1.com/kobastockimages/IMAGENES/12003434.png,https://domicilios.tiendasd1.com/p/cubos-de-cerdo-llano-alto-500-gr-12003434
CUBOS PARA ESTOFAR RES LLANO ALTO 500 GR,$ 13.890,D1,Despensa,https://stockimages.tiendasd1.com/stockimages.tiendasd1.com/kobastockimages/IMAGENES/12003437.png,https://domicilios.tiendasd1.com/p/cubos-para-estofar-res-llano-alto-500-gr-12003437
COSTILLA DE RES LLANO ALTO 500 G,,D1,Despensa,https://stockimages.tiendasd1.com/stockimages.tiendasd1.com/kobastockimages/IMAGENES/12003784.png,https://domicilios.tiendasd1.com/p/costilla-de-res-llano-alto-500-g-12003784
ENTRECOTE DE RES LLANO ALTO 500 G,$ 22.990,D1,Despensa,https://stockimages.tiendasd1.com/stockimages.tiendasd1.com/kobastockimages/IMAGENES/12003793.png,https://domicilios.tiendasd1.com/p/entrecote-de-res-llano-alto-500-g-12003793
CHICHARR√ìN CARNUDO AMERICANO LA VICTORIA 110 G,$ 6.490,D1,Despensa,https://stockimages.tiendasd1.com/stockimages.tiendasd1.com/kobastockimages/IMAGENES/12000170.png,https://domicilios.tiendasd1.com/p/chicharron-carnudo-americano-la-victoria-110-g-12000170
CRISPETA CARAMELO CHEETOS 72 G,$ 1.890,D1,Despensa,https://stockimages.tiendasd1.com/stockimages.tiendasd1.com/kobastockimages/IMAGENES/12000694.png,https://domicilios.tiendasd1.com/p/crispeta-caramelo-cheetos-72-g-12000694
DE TODITO BBQ 250GR,$ 7.690,D1,Despensa,https://stockimages.tiendasd1.com/stockimages.tiendasd1.com/kobastockimages/IMAGENES/12003489.png,https://domicilios.tiendasd1.com/p/de-todito-bbq-250gr-12003489
LONJAS DE ALMENDRA NUTHOS 100 GR,$ 7.890,D1,Despensa,https://stockimages.tiendasd1.com/stockimages.tiendasd1.com/kobastockimages/IMAGENES/12003779.png,https://domicilios.tiendasd1.com/p/lonjas-de-almendra-nuthos-100-gr-12003779
MEZCLA NUECES PREMIUM NUTHOS,$ 6.890,D1,Despensa,https://stockimages.tiendasd1.com/stockimages.tiendasd1.com/kobastockimages/IMAGENES/12003800.png,https://domicilios.tiendasd1.com/p/mezcla-nueces-premium-nuthos-12003800
PATAC√ìN PISAO PLATAITOS 80 G,,D1,Despensa,https://stockimages.tiendasd1.com/stockimages.tiendasd1.com/kobastockimages/IMAGENES/12000223.png,https://domicilios.tiendasd1.com/p/patacon-pisao-plataitos-80-g-12000223
TORTILLA BURRITO CRACHOS 8 UND - 580 G,$ 6.190,D1,Despensa,https://stockimages.tiendasd1.com/stockimages.tiendasd1.com/kobastockimages/IMAGENES/12000225.png,https://domicilios.tiendasd1.com/p/tortilla-burrito-crachos-8-und-580-g-12000225
MAN√ç SALADO NUTHOS 200 G,$ 3.550,D1,Despensa,https://stockimages.tiendasd1.com/stockimages.tiendasd1.com/kobastockimages/IMAGENES/12000323.png,https://domicilios.tiendasd1.com/p/mani-salado-nuthos-200-g-12000323
MAN√ç DULCE NUTHOS 200 G,$ 3.250,D1,Despensa,https://stockimages.tiendasd1.com/stockimages.tiendasd1.com/kobastockimages/IMAGENES/12000324.png,https://domicilios.tiendasd1.com/p/mani-dulce-nuthos-200-g-12000324
PASABOCAS SURTIDOS DOCENA KYTHOS 318 G,$ 8.490,D1,Despensa,https://stockimages.tiendasd1.com/stockimages.tiendasd1.com/kobastockimages/IMAGENES/12000405.png,https://domicilios.tiendasd1.com/p/pasabocas-surtidos-docena-kythos-318-g-12000405
AR√ÅNDANOS NUTHOS 150 G,,D1,Despensa,https://stockimages.tiendasd1.com/stockimages.tiendasd1.com/kobastockimages/IMAGENES/12000407.png,https://domicilios.tiendasd1.com/p/arandanos-nuthos-150-g-12000407
MAN√ç CON PASAS NUTHOS 200 G,,D1,Despensa,https://stockimages.tiendasd1.com/stockimages.tiendasd1.com/kobastockimages/IMAGENES/12000502.png,https://domicilios.tiendasd1.com/p/mani-con-pasas-nuthos-200-g-12000502
MONEDITAS DE PL√ÅTANO PLATAITOS 6 UND - 60 G,$ 7.690,D1,Despensa,https://stockimages.tiendasd1.com/stockimages.tiendasd1.com/kobastockimages/IMAGENES/12000554.png,https://domicilios.tiendasd1.com/p/moneditas-de-platano-plataitos-6-und-60-g-12000554
CIRUELA PREMIUM SIN SEMILLA SOFRUCO 200 G,,D1,Despensa,https://stockimages.tiendasd1.com/stockimages.tiendasd1.com/kobastockimages/IMAGENES/12001027.png,https://domicilios.tiendasd1.com/p/ciruela-premium-sin-semilla-sofruco-200-g-12001027
PASABOCAS MIXTO BBQ KYTHOS 160 G,$ 3.790,D1,Despensa,https://stockimages.tiendasd1.com/stockimages.tiendasd1.com/kobastockimages/IMAGENES/12001066.png,https://domicilios.tiendasd1.com/p/pasabocas-mixto-bbq-kythos-160-g-12001066
PISTACHO NUTHOS 70 G,$ 6.150,D1,Despensa,https://stockimages.tiendasd1.com/stockimages.tiendasd1.com/kobastockimages/IMAGENES/12001121.png,https://domicilios.tiendasd1.com/p/pistacho-nuthos-70-g-12001121
ALMENDRA NUTHOS 150 G,,D1,Despensa,https://stockimages.tiendasd1.com/stockimages.tiendasd1.com/kobastockimages/IMAGENES/12001205.png,https://domicilios.tiendasd1.com/p/almendra-nuthos-150-g-12001205
MA√çZ GIGANTE FRITO SALADO NUTHOS 200 G,$ 7.290,D1,Despensa,https://stockimages.tiendasd1.com/stockimages.tiendasd1.com/kobastockimages/IMAGENES/12001238.png,https://domicilios.tiendasd1.com/p/maiz-gigante-frito-salado-nuthos-200-g-12001238
TORTILLA INTEGRAL NATRI 8 UND- 250 G,,D1,Despensa,https://stockimages.tiendasd1.com/stockimages.tiendasd1.com/kobastockimages/IMAGENES/12001257.png,https://domicilios.tiendasd1.com/p/tortilla-integral-natri-8-und-250-g-12001257
MEZCLA CRUNCHY NUTHOS 180 G,$ 6.150,D1,Despensa,https://stockimages.tiendasd1.com/stockimages.tiendasd1.com/kobastockimages/IMAGENES/12001313.png,https://domicilios.tiendasd1.com/p/mezcla-crunchy-nuthos-180-g-12001313
MEZCLA SALADA FRUTOS SECOS NUTHOS 180 G,$ 5.390,D1,Despensa,https://stockimages.tiendasd1.com/stockimages.tiendasd1.com/kobastockimages/IMAGENES/12001617.png,https://domicilios.tiendasd1.com/p/mezcla-salada-frutos-secos-nuthos-180-g-12001617
DORITOS FAMILIAR 175 GRS,$ 5.250,D1,Despensa,https://stockimages.tiendasd1.com/stockimages.tiendasd1.com/kobastockimages/IMAGENES/12002003.png,https://domicilios.tiendasd1.com/p/doritos-familiar-175-grs-12002003
UVAS PASAS NUTHOS 200 G,$ 2.850,D1,Despensa,https://stockimages.tiendasd1.com/stockimages.tiendasd1.com/kobastockimages/IMAGENES/12002025.png,https://domicilios.tiendasd1.com/p/uvas-pasas-nuthos-200-g-12002025
MIXTO MEGA FAMILIAR KYTHOS 350 GR,,D1,Despensa,https://stockimages.tiendasd1.com/stockimages.tiendasd1.com/kobastockimages/IMAGENES/12002217.png,https://domicilios.tiendasd1.com/p/mixto-mega-familiar-kythos-350-gr-12002217
SEXTA PAPA SABOR POLLO KYTHOS 25 G,$ 4.990,D1,Despensa,https://stockimages.tiendasd1.com/stockimages.tiendasd1.com/kobastockimages/IMAGENES/12002418.png,https://domicilios.tiendasd1.com/p/sexta-papa-sabor-pollo-kythos-25-g-12002418
MEZCLAS SURTIDAS NUTHOS 5 UND - 45G,$ 6.990,D1,Despensa,https://stockimages.tiendasd1.com/stockimages.tiendasd1.com/kobastockimages/IMAGENES/12002501.png,https://domicilios.tiendasd1.com/p/mezclas-surtidas-nuthos-5-und-45g-12002501
LONCHERA SURTIDA FRITOLAY 12 UN 261 GR,$ 8.290,D1,Despensa,https://stockimages.tiendasd1.com/stockimages.tiendasd1.com/kobastockimages/IMAGENES/12002701.png,https://domicilios.tiendasd1.com/p/lonchera-surtida-fritolay-12-un-261-gr-12002701
LONCHERA SURTIDA AZOMPACK 12 UN,$ 5.490,D1,Despensa,https://stockimages.tiendasd1.com/stockimages.tiendasd1.com/kobastockimages/IMAGENES/12002939.png,https://domicilios.tiendasd1.com/p/lonchera-surtida-azompack-12-un-12002939
PLATANITOS VERDES KYTHOS 135 GR,$ 3.050,D1,Despensa,https://stockimages.tiendasd1.com/stockimages.tiendasd1.com/kobastockimages/IMAGENES/12003501.png,https://domicilios.tiendasd1.com/p/platanitos-verdes-kythos-135-gr-12003501
PLATANITOS MADUROS KYTHOS 135 GR,$ 3.050,D1,Despensa,https://stockimages.tiendasd1.com/stockimages.tiendasd1.com/kobastockimages/IMAGENES/12003505.png,https://domicilios.tiendasd1.com/p/platanitos-maduros-kythos-135-gr-12003505
MA√çZ PICANTE NUTHOS 150 GR,$ 3.990,D1,Despensa,https://stockimages.tiendasd1.com/stockimages.tiendasd1.com/kobastockimages/IMAGENES/12003609.png,https://domicilios.tiendasd1.com/p/maiz-picante-nuthos-150-gr-12003609
MAN√ç NUTHOS CROCANTE 180 GR,$ 2.990,D1,Despensa,https://stockimages.tiendasd1.com/stockimages.tiendasd1.com/kobastockimages/IMAGENES/12003610.png,https://domicilios.tiendasd1.com/p/mani-nuthos-crocante-180-gr-12003610
NACHOS CRACHOS 200 G,$ 2.890,D1,Despensa,https://stockimages.tiendasd1.com/stockimages.tiendasd1.com/kobastockimages/IMAGENES/12000165.png,https://domicilios.tiendasd1.com/p/nachos-crachos-200-g-12000165
TORTILLA FAJITA CRACHOS 12 UND - 360 G,$ 4.390,D1,Despensa,https://stockimages.tiendasd1.com/stockimages.tiendasd1.com/kobastockimages/IMAGENES/12000224.png,https://domicilios.tiendasd1.com/p/tortilla-fajita-crachos-12-und-360-g-12000224
PLATANITOS MADUROS KYTHOS 6 UND - 168 G,$ 3.950,D1,Despensa,https://stockimages.tiendasd1.com/stockimages.tiendasd1.com/kobastockimages/IMAGENES/12000351.png,https://domicilios.tiendasd1.com/p/platanitos-maduros-kythos-6-und-168-g-12000351
PASABOCAS MIXTOS SABOR NATURAL KYTHOS 160 G,$ 3.790,D1,Despensa,https://stockimages.tiendasd1.com/stockimages.tiendasd1.com/kobastockimages/IMAGENES/12000391.png,https://domicilios.tiendasd1.com/p/pasabocas-mixtos-sabor-natural-kythos-160-g-12000391
PAPAS FRITAS SABOR POLLO KYTHOS 115 G,$ 2.790,D1,Despensa,https://stockimages.tiendasd1.com/stockimages.tiendasd1.com/kobastockimages/IMAGENES/12001065.png,https://domicilios.tiendasd1.com/p/papas-fritas-sabor-pollo-kythos-115-g-12001065
MEZCLA CHOCODIVERTIDA NUTHOS 45 GR,,D1,Despensa,https://stockimages.tiendasd1.com/stockimages.tiendasd1.com/kobastockimages/IMAGENES/12001074.png,https://domicilios.tiendasd1.com/p/mezcla-chocodivertida-nuthos-45-gr-12001074
SEXTA PAPA NATURAL KYTHOS 25 G,$ 4.990,D1,Despensa,https://stockimages.tiendasd1.com/stockimages.tiendasd1.com/kobastockimages/IMAGENES/12001655.png,https://domicilios.tiendasd1.com/p/sexta-papa-natural-kythos-25-g-12001655
PAPAS CASERAS SABOR NATURAL 115GR,$ 2.890,D1,Despensa,https://stockimages.tiendasd1.com/stockimages.tiendasd1.com/kobastockimages/IMAGENES/12003545.png,https://domicilios.tiendasd1.com/p/papas-caseras-sabor-natural-115gr-12003545
TOPPING SURT PARA ENSALADAS NATRI 120G,$ 4.490,D1,Despensa,https://stockimages.tiendasd1.com/stockimages.tiendasd1.com/kobastockimages/IMAGENES/12003647.png,https://domicilios.tiendasd1.com/p/topping-surt-para-ensaladas-natri-120g-12003647
PLATANITOS VERDES KYTHOS 6 UND - 168 G,,D1,Despensa,https://stockimages.tiendasd1.com/stockimages.tiendasd1.com/kobastockimages/IMAGENES/12000350.png,https://domicilios.tiendasd1.com/p/platanitos-verdes-kythos-6-und-168-g-12000350
PAPAS FRITAS SABOR NATURAL KYTHOS 115 G,,D1,Despensa,https://stockimages.tiendasd1.com/stockimages.tiendasd1.com/kobastockimages/IMAGENES/12000562.png,https://domicilios.tiendasd1.com/p/papas-fritas-sabor-natural-kythos-115-g-12000562
PAPAS FRITAS SABOR BBQ KYTHOS 115 G,,D1,Despensa,https://stockimages.tiendasd1.com/stockimages.tiendasd1.com/kobastockimages/IMAGENES/12000564.png,https://domicilios.tiendasd1.com/p/papas-fritas-sabor-bbq-kythos-115-g-12000564
PAPAS FRITAS SABOR LIMON KYTHOS 115 G,,D1,Despensa,https://stockimages.tiendasd1.com/stockimages.tiendasd1.com/kobastockimages/IMAGENES/12000563.png,https://domicilios.tiendasd1.com/p/papas-fritas-sabor-limon-kythos-115-g-12000563
MEZCLA DIVERTIDA NUTHOS 200 G,$ 4.150,D1,Despensa,https://stockimages.tiendasd1.com/stockimages.tiendasd1.com/kobastockimages/IMAGENES/12000706.png,https://domicilios.tiendasd1.com/p/mezcla-divertida-nuthos-200-g-12000706
PAPAS FOSFORITOS KYTHOS 200 G,$ 2.990,D1,Despensa,https://stockimages.tiendasd1.com/stockimages.tiendasd1.com/kobastockimages/IMAGENES/12000282.png,https://domicilios.tiendasd1.com/p/papas-fosforitos-kythos-200-g-12000282
TOSTACOS PICANTES 185GR,,D1,Despensa,https://stockimages.tiendasd1.com/stockimages.tiendasd1.com/kobastockimages/IMAGENES/12004171.png,https://domicilios.tiendasd1.com/p/tostacos-picantes-185gr-12004171
FLAN DE LECHE CON CARAMELO LATTI 150 G,$ 3.190,D1,Despensa,https://stockimages.tiendasd1.com/stockimages.tiendasd1.com/kobastockimages/IMAGENES/12000183.png,https://domicilios.tiendasd1.com/p/flan-de-leche-con-caramelo-latti-150-g-12000183
POSTRE DE GELATINA CON LECHE KEDELI 180 G,$ 2.990,D1,Despensa,https://stockimages.tiendasd1.com/stockimages.tiendasd1.com/kobastockimages/IMAGENES/12000234.png,https://domicilios.tiendasd1.com/p/postre-de-gelatina-con-leche-kedeli-180-g-12000234
ARROZ CON LECHE TRADICI√ìN 1915 120 G,$ 1.990,D1,Despensa,https://stockimages.tiendasd1.com/stockimages.tiendasd1.com/kobastockimages/IMAGENES/12003145.png,https://domicilios.tiendasd1.com/p/arroz-con-leche-tradicion-1915-120-g-12003145
LECHE ASADA TRADICI√ìN 1915 120 G,$ 2.990,D1,Despensa,https://stockimages.tiendasd1.com/stockimages.tiendasd1.com/kobastockimages/IMAGENES/12003146.png,https://domicilios.tiendasd1.com/p/leche-asada-tradicion-1915-120-g-12003146
POSTRE TRES LECHES 86 G,$ 2.990,D1,Despensa,https://stockimages.tiendasd1.com/stockimages.tiendasd1.com/kobastockimages/IMAGENES/12001898.png,https://domicilios.tiendasd1.com/p/postre-tres-leches-86-g-12001898
UVAS IMPORTADAS RED GLOBE 500 G X 1 UND,$ 9.590,D1,Despensa,https://stockimages.tiendasd1.com/stockimages.tiendasd1.com/kobastockimages/IMAGENES/12001221.png,https://domicilios.tiendasd1.com/p/uvas-importadas-red-globe-500-g-x-1-und-12001221
AR√ÅNDANOS 125 G,$ 4.990,D1,Despensa,https://stockimages.tiendasd1.com/stockimages.tiendasd1.com/kobastockimages/IMAGENES/12002590.png,https://domicilios.tiendasd1.com/p/arandanos-125-g-12002590
ALBONDIGON VIANDE X 450 GRS,,D1,Despensa,https://stockimages.tiendasd1.com/stockimages.tiendasd1.com/kobastockimages/IMAGENES/12002502.png,https://domicilios.tiendasd1.com/p/albondigon-viande-x-450-grs-12002502
SALSA TIPO GUACAMOLE CON CILANTRO 200GR,$ 2.490,D1,Despensa,https://stockimages.tiendasd1.com/stockimages.tiendasd1.com/kobastockimages/IMAGENES/12004081.png,https://domicilios.tiendasd1.com/p/salsa-tipo-guacamole-con-cilantro-200gr-12004081
,,D1,Despensa,https://stockimages.tiendasd1.com/stockimages.tiendasd1.com/kobastockimages/IMAGENES/12004082.png,https://domicilios.tiendasd1.com/p/pasta-de-cebolla-larga-delika-110-g-12004082
PI√ëA EN TROZOS AINOA 520 G,$ 5.990,D1,Despensa,https://stockimages.tiendasd1.com/stockimages.tiendasd1.com/kobastockimages/IMAGENES/12003744.png,https://domicilios.tiendasd1.com/p/pina-en-trozos-ainoa-520-g-12003744
GALLETAS MINI CHIPS 8 PQ 280G,$ 7.790,D1,Despensa,https://stockimages.tiendasd1.com/stockimages.tiendasd1.com/kobastockimages/IMAGENES/12003939.png,https://domicilios.tiendasd1.com/p/galletas-mini-chips-8-pq-280g-12003939
CREMA CHOCOLATE NUCITA 8UN,$ 4.390,D1,Despensa,https://stockimages.tiendasd1.com/stockimages.tiendasd1.com/kobastockimages/IMAGENES/12004148.png,https://domicilios.tiendasd1.com/p/crema-chocolate-nucita-8un-12004148
POLLO ENTERO SAVICOL X 1600 G,$ 15.760,D1,Despensa,https://stockimages.tiendasd1.com/stockimages.tiendasd1.com/kobastockimages/IMAGENES/12004170.png,https://domicilios.tiendasd1.com/p/pollo-entero-savicol-x-1600-g-12004170
PREMEZCLA TORTA NARANJA QUICKSY 400 G,$ 3.990,D1,Despensa,https://stockimages.tiendasd1.com/stockimages.tiendasd1.com/kobastockimages/IMAGENES/12003945.png,https://domicilios.tiendasd1.com/p/premezcla-torta-naranja-quicksy-400-g-12003945
PREMEZCLA TORTA VAINILLA QUICKSY 400 G,$ 3.990,D1,Despensa,https://stockimages.tiendasd1.com/stockimages.tiendasd1.com/kobastockimages/IMAGENES/12003946.png,https://domicilios.tiendasd1.com/p/premezcla-torta-vainilla-quicksy-400-g-12003946
MEZCLA SENSACI√ìN NUTHOS 180 GR,$ 4.990,D1,Despensa,https://stockimages.tiendasd1.com/stockimages.tiendasd1.com/kobastockimages/IMAGENES/12004084.png,https://domicilios.tiendasd1.com/p/mezcla-sensacion-nuthos-180-gr-12004084
TOCINETA MEGA PIGGINS 50 GR,$ 1.390,D1,Despensa,https://stockimages.tiendasd1.com/stockimages.tiendasd1.com/kobastockimages/IMAGENES/12003745.png,https://domicilios.tiendasd1.com/p/tocineta-mega-piggins-50-gr-12003745
